string,hash_le
ATTR_BalanceActiveDribblerResistanceModifier,CE 26 D5 CD C9 20 9D 58
ATTR_BalanceFinalModifier,5D 23 91 31 4F 30 2C 05
ATTR_BalanceGoalieResistanceModifier,55 DF AE D0 8B F3 A6 5F
ATTR_BalanceModifierByAction,CD DA F4 16 87 B5 AC 1D
ATTR_BalanceModifierByAngle,B6 0D 0A 35 6E 3A FF B1
ATTR_BalanceModifierBySpeed,A5 89 77 43 99 42 22 D7
ATTR_BalanceRecoveryBaseRate,15 14 01 CC 15 FC 2F 92
ATTR_BalanceRecoveryRate,C3 7C 1A 70 EE 9C BE D8
ATTR_DiverFallReactionDamageRate,BA CB 23 91 15 19 0A B6
ATTR_EndurableForceRatioTbl,85 68 15 38 02 B3 0A 6E
ATTR_FallHitVeryStrongThreshold,55 C3 46 A7 15 A1 63 E2
ATTR_ForceToBalanceRatio,95 59 51 B4 BC 18 48 09
ATTR_StumbleHitMediumLightThreshold,CF 9C 38 B5 6B 0B E9 E3
ATTR_StumbleHitMediumStrongThreshold,84 D0 AE 40 DB 05 63 09
ATTR_StumbleHitMediumThreshold,30 39 21 B5 23 43 10 4A
ATTR_StumbleHitStrongThreshold,EA 71 37 55 6C C9 65 3D
ATTR_StumbleHitVeryStrongThreshold,8E 56 30 98 3D 4E 9B 64
ATTR_StumbleReactionDamageRate,99 A3 2F 16 C2 65 2E 36
PASS_DistanceGroundGraph,E6 C6 CC A5 08 3F A4 AB
PASS_DistanceLobGraph,C3 93 D3 2C 93 3C 13 EC
PASS_DistanceThroughGroundGraph,BA EF 1C A8 CA 23 31 A9
PASS_DistanceThroughLobGraph,F3 99 26 6C 07 EE 48 83
PASS_ElevationAngleGround,9E 49 55 C2 8A DD 56 8A
PASS_ElevationAngleGroundLong,F7 3F 09 20 D3 A6 E8 70
PASS_ElevationAngleGroundThrough,A7 21 21 F2 3D 65 82 9E
PASS_ElevationAngleGroundThroughLong,C1 B4 3F B4 77 99 17 FF
PASS_EvalAngleLong,16 23 0A 52 78 41 5D 9B
PASS_EvalAngleScalarVsDistLong,BA 77 79 DD 56 2E 01 F8
PASS_EvalAngleScalarVsDistShort,B8 44 D9 41 FE 46 E8 E3
PASS_EvalAngleShort,27 C2 89 A0 2A B6 15 E9
PASS_EvalDistLong,CB 87 B5 03 51 64 81 5C
PASS_EvalDistShort,C8 5D 6D 58 8F 5F B6 A3
PASS_EvalFirstTimeAngleScalar,6C 34 6F 62 B4 84 5D 2C
PASS_EvalFirstTimeScalar,04 FE 1B 02 9C 2D B9 1B
PASS_EvalLongDistance,71 B3 71 E4 BF 43 38 E4
PASS_EvalShortDistance,BF 1B AC 00 8F 92 84 C2
PASS_FanFirstTimeScalarVsAngle,35 4E 68 28 9E 32 FE 48
PASS_FanScoreVsAngleFromIdeal,16 C9 A8 A2 F1 8B 46 AF
PASS_FanScoreVsBlockRate,B2 9A 24 B2 5D 33 E0 43
PASS_FanScoreVsPadAngle,D0 95 5D 68 0C 6B AD 82
PASS_FanScoreVsThreat,A8 6D FC CE 71 0E 37 F9
PASS_GeneralPassRecieverSelectionLeadingTime,A6 DC 95 AE EA 1E D2 58
PASS_Goalkeeper_DrivenThrowMaxRange,1B BB 8F 08 1B B3 A0 C6
PASS_Goalkeeper_LongThrower_Search,DF 37 CB AE F4 E2 96 04
PASS_Goalkeeper_LongThrower_Throw,08 B4 96 B6 5D 0F 14 9F
PASS_Goalkeeper_NotLongThrower_Search,9E 20 F9 1A 9D 85 B3 71
PASS_Goalkeeper_NotLongThrower_Throw,F0 B6 B8 65 E6 94 93 95
PASS_Goalkeeper_ShortThrowMaxRange,43 98 93 1C 7A 39 0F 7F
PASS_Goalkeeper_SideArmThrowMaxRange,8F 93 79 C6 D0 DF 99 BD
PASS_Goalkeeper_StandingThrow_LongThrower_Search,6B F0 93 E5 49 1D 71 E3
PASS_Goalkeeper_StandingThrow_LongThrower_Throw,07 39 B3 C5 6C C4 C2 29
PASS_Goalkeeper_StandingThrow_NotLongThrower_Search,70 A8 0C 57 15 8F 7A 07
PASS_Goalkeeper_StandingThrow_NotLongThrower_Throw,D1 34 ED 59 12 C7 53 40
PASS_GoalkeeperDrivenThrowBounceDistance,C8 68 6D 0F 6E 10 F5 5F
PASS_GoalkeeperSideArmThrowBounceDistance,5E E6 90 C4 DD 9A 10 53
PASS_GoalkeeperThrowTypeThreshold,E6 04 C2 46 A0 47 72 36
PASS_LobEvaluationWeights,19 44 12 54 9B BF 9B 20
PASS_MaxExpectedGroundPassDist,FF B2 8D BA 24 B3 7E FF
PASS_MaxExpectedGroundPassDistForManual,BD 9B 70 C4 36 C0 BD EF
PASS_MaxExpectedLobPassDist,D0 1E 5D B2 9B BC 31 52
PASS_MaxHeightGKDrivenThrow,D8 3B 0D 19 60 B5 89 8D
PASS_MaxHeightGKHighThrow,03 A1 83 89 63 12 A1 41
PASS_MaxHeightGKShortThrow,11 A6 6D 7A B8 4D B0 B3
PASS_MaxHeightGKSideArmThrow,33 33 FD B2 66 20 E5 8F
PASS_MaxHeightGKStandingThrow,06 46 EA AC FC 68 AF E4
PASS_MinMaxDistanceClearance,51 8F BB E7 5C 45 56 71
PASS_MinMaxDistanceGKDrivenKick,B5 12 24 9F 32 79 44 BA
PASS_MinMaxDistanceGKKick,AB 1C 41 86 BC F4 D0 5F
PASS_MinMaxDistanceGKSideKick,67 6E EE C5 C1 82 AF D4
PASS_MinMaxDistanceLobGoalKick,30 57 95 38 65 A4 31 1A
PASS_MinMaxDistanceLobPlaceKick,73 31 8D 09 20 97 1F 7C
PASS_MinMaxDistanceThrowin,C4 0D 4B F4 D8 18 7A 76
PASS_MinMaxDistanceThrowinLong,75 28 C9 62 D1 33 14 86
PASS_MinMaxSearchDistanceGKKick,A3 F5 4C 0B D4 B7 EF 51
PASS_MinMaxSearchDistanceGround,74 E0 B9 69 96 EF 52 03
PASS_MinMaxSearchDistanceLob,AA F4 C8 50 5C 8F 51 48
PASS_MinMaxSearchDistanceLobGoalKick,59 A6 ED A3 51 DC 1C C1
PASS_MinMaxSearchDistanceLobPlaceKick,BE 1C BE A0 C6 A4 1D 3C
PASS_MinMaxSearchDistanceThroughGround,62 E4 31 F0 17 B6 EF 9E
PASS_MinMaxSearchDistanceThroughLob,AA 1E 8B 5A 48 52 86 2F
PASS_MinMaxSearchDistanceThrowin,B8 7E EE 05 87 5E 24 FB
PASS_MinMaxSearchDistanceThrowinLong,D8 5C 08 DE A0 11 65 BD
PASS_PitchRotate_LobThrough_Finesse,0C C6 30 D3 93 D2 5E 49
PASS_PitchRotate_LobThrough_Regular,13 47 26 89 F9 8B 35 73
PASS_QualityScalarVsAng,82 33 42 2F B7 01 7E CB
PASS_ReceiverSelectionRemappedGroundPassPower,50 E1 6B DE F6 81 A1 1A
PASS_ReceiverSelectionRemappedLobPassPower,92 58 B2 23 36 1C D1 34
PASS_ReceiverSelectionScoreBasedOnDistanceDifference,8F 00 8A 7D D1 C5 92 B8
PASS_SpeedReduceRateByAttr,E6 99 3B A3 9D 9E 0C 1F
PASS_SpinClearance,69 CA 90 29 3F 5F 61 F8
PASS_SpinGKDrivenKick,18 AB 7C 18 64 2B 6E F1
PASS_SpinGKDrivenThrow,43 73 7B 3C B1 3A F6 53
PASS_SpinGKKick,59 0E 97 4E 15 82 3A 53
PASS_SpinGKSideKick,0C B0 83 A3 F4 28 37 0C
PASS_SpinGKThrow,46 64 85 73 47 C5 AD 5B
PASS_SpinGround,3C 19 DC D2 AF E6 89 E4
PASS_SpinGroundLong,56 D8 CB CF AD 1E E8 81
PASS_SpinGroundThrough,6F 64 7E BD 00 00 39 B2
PASS_SpinLob,93 38 3C FA F5 C2 14 13
PASS_SpinLobThrough,8F 3E 55 01 2E 50 80 F8
PASS_SpinRollRotateForSwerving,77 12 B5 C1 EC 25 A7 19
PASS_SpinThrowIn,D3 54 21 D5 98 4F 27 80
PASS_TravelTimeClearance,9D 8D 2F 3F 35 10 7C 28
PASS_TravelTimeGKDrivenKick,27 9B 0A A3 BE DA 35 7F
PASS_TravelTimeGKKick,B0 C9 25 94 27 E7 DE E4
PASS_TravelTimeGKSideKick,91 5B CF 50 5D F3 08 3D
PASS_TravelTimeGroundPass,89 74 6B 41 31 C8 14 02
PASS_TravelTimeGroundPassHard,26 03 4B 85 E5 BF D9 F2
PASS_TravelTimeGroundThroughMaxLeading,7F BD 1A 35 CA BB B6 C9
PASS_TravelTimeGroundThroughMinLeading,9C 0F 30 2B 20 D4 D4 A1
PASS_TravelTimeLob,2E B8 AC 3E A2 FD C3 45
PASS_TravelTimeLobDriven,B0 D2 B4 56 DA 59 FF 13
PASS_TravelTimeLobThrough_Regular,64 6E 6C 6F 8C E4 A2 03
PASS_TravelTimeLobThrough_RegularMaxLeading,F1 F2 68 07 90 52 27 31
PASS_TravelTimeReduceRateByAttr,33 3D 83 C3 67 B2 30 71
PASS_TravelTimeThrowIn,FC C9 A5 89 37 9C DF 73
PASS_TravelTimeThrowInLong,46 24 85 4E C0 23 F4 77
ERROR_CONDITION_ImpactDirection_RotationPitchEffect,81 88 10 FC DA F2 7A A9
ERROR_CONDITION_ImpactDirection_RotationRollEffect,AF D1 46 8A B3 69 3E 97
ERROR_CONDITION_LowerHit_RotationPitchEffect,E2 E5 4A 9E 4E F0 B0 C6
ERROR_CONDITION_LowerHit_RotationRollEffect,A8 98 79 0A 1D C2 21 05
ERROR_CONDITION_OverHit_RotationPitchEffect,AC 24 8C 52 F0 31 3F 64
ERROR_CONDITION_OverHit_RotationRollEffect,7D B6 37 0D 5D BB 15 10
ERROR_CONDITION_SideHit_RotationPitchEffect,D8 43 43 92 8F BD D2 9B
ERROR_CONDITION_SideHit_RotationRollEffect,BA 79 C0 C7 D0 A7 F9 65
ERROR_CONDITION_UnderHit_RotationPitchEffect,94 1B E8 D5 8C 87 5C F5
ERROR_CONDITION_UnderHit_RotationRollEffect,E2 62 60 41 8D DB 31 4E
ERROR_CONDITION_UpperHit_RotationPitchEffect,70 E9 DF 56 8E B1 36 D0
ERROR_CONDITION_UpperHit_RotationRollEffect,41 BC 0E 0D 07 8C EC 87
ERROR_DeflectShot_BallBounceSpeed_Shank_Probabiliy,48 FA 2E 0C 66 FD 1F 0D
ERROR_DeflectShot_BallBounceTime_Shank_Probabiliy,54 6A C3 92 DB E6 0A 2B
ERROR_KickPower_PitchModifier,61 97 2C 2C EE EF A5 77
ERROR_KickPower_RollModifier,08 33 96 BB C7 DC 6A E5
ERROR_LIMIT_ElevationAngleLimit,C8 23 F5 B9 36 9F 60 4A
ERROR_LIMIT_PitchRotationLimit,3E 79 64 4D 42 65 60 AB
ERROR_LIMIT_SpeedEffectModifierLimit,07 C6 DF E5 12 52 E3 2B
ERROR_LIMIT_XZAngleLimit,3E 2E 74 CA 62 15 98 28
ERROR_MISS_ImpactDirection_ElevationAngleEffect,FB 32 65 68 5A 74 15 39
ERROR_MISS_ImpactDirection_ElevationAngleMax,5C 1B D8 00 7C C4 DA 25
ERROR_MISS_ImpactDirection_RotationPitchEffect,D4 F2 08 26 24 EA 40 0E
ERROR_MISS_ImpactDirection_RotationPitchMax,B2 7D CF F4 58 D9 26 05
ERROR_MISS_ImpactDirection_RotationRollEffect,CA 0E D9 00 42 E3 E0 48
ERROR_MISS_ImpactDirection_RotationRollMax,9C 66 71 2F 96 E2 2F 97
ERROR_MISS_ImpactDirection_SpeedEffect,60 47 77 1D 98 B4 CF 34
ERROR_MISS_ImpactDirection_SpeedEffectMax,B6 F4 C4 F1 1B 2B 4F 40
ERROR_MISS_ImpactDirection_XZAngleEffect,55 BD CE F7 95 D0 68 BE
ERROR_MISS_ImpactDirection_XZAngleMax,5B F7 EE D2 13 DC D4 E1
ERROR_MISS_ImpactDirection_XZAngleMaxDueToLateralVelocity,2B 0F 2C 3D 24 30 16 50
ERROR_MISS_LowerHit_ElevationAngleEffect,B6 E4 C3 F0 B4 6C 75 F0
ERROR_MISS_LowerHit_ElevationAngleMax,16 36 27 65 44 54 FA 4F
ERROR_MISS_LowerHit_RotationPitchEffect,CD 9C 75 32 FF F9 DE A8
ERROR_MISS_LowerHit_RotationPitchMax,2F B2 F4 30 82 32 E8 84
ERROR_MISS_LowerHit_RotationRollEffect,13 F9 E3 63 40 21 44 5B
ERROR_MISS_LowerHit_RotationRollMax,60 7D DF 7E 73 A6 50 AA
ERROR_MISS_LowerHit_SpeedEffect,4C 81 CA 00 67 41 14 12
ERROR_MISS_LowerHit_SpeedEffectMax,B1 B3 F9 58 DB 10 C8 DF
ERROR_MISS_LowerHit_XZAngleEffect,1E 8D 9A 3F FD 80 0D 36
ERROR_MISS_LowerHit_XZAngleMax,81 2B 2B 41 4C 65 A7 1C
ERROR_MISS_LowerHit_XZAngleMaxDueToLateralVelocity,49 D5 26 44 D2 59 CA ED
ERROR_MISS_OverHit_ElevationAngleEffect,63 0B 46 1B DF 57 38 C9
ERROR_MISS_OverHit_ElevationAngleMax,80 6C 1C 60 1E BD A8 6F
ERROR_MISS_OverHit_RotationPitchEffect,33 1F 5D A4 CD 37 80 B0
ERROR_MISS_OverHit_RotationPitchMax,E7 41 31 D3 E6 02 E5 8E
ERROR_MISS_OverHit_RotationRollEffect,98 15 B3 46 A3 84 A3 F7
ERROR_MISS_OverHit_RotationRollMax,9F 4D 46 C4 1A 74 CC 5F
ERROR_MISS_OverHit_SpeedEffect,2B C3 8C 53 B1 73 B2 50
ERROR_MISS_OverHit_SpeedEffectMax,71 24 D7 EC FB E0 D6 8D
ERROR_MISS_OverHit_XZAngleEffect,98 2D E3 83 54 1A 6F 3C
ERROR_MISS_OverHit_XZAngleMax,7D 81 28 5D CB 31 5D 7C
ERROR_MISS_OverHit_XZAngleMaxDueToLateralVelocity,5D 46 55 1F 05 F8 C2 68
ERROR_MISS_SideHit_ElevationAngleEffect,52 A3 32 72 A7 46 BE FD
ERROR_MISS_SideHit_ElevationAngleMax,55 7F 1A F9 9D D9 07 FD
ERROR_MISS_SideHit_RotationPitchEffect,8F EE C3 A6 70 BF 3B F9
ERROR_MISS_SideHit_RotationPitchMax,7E 72 25 7B EE 0C 56 22
ERROR_MISS_SideHit_RotationRollEffect,84 56 06 B9 9D 0F F7 B6
ERROR_MISS_SideHit_RotationRollMax,39 CF CA 7C D0 A0 56 E0
ERROR_MISS_SideHit_SpeedEffect,FA 62 7D 87 A1 14 E9 15
ERROR_MISS_SideHit_SpeedEffectMax,3F 00 04 14 91 CF 76 1B
ERROR_MISS_SideHit_XZAngleEffect,37 87 F0 4C 21 A0 1A 80
ERROR_MISS_SideHit_XZAngleMax,F5 0E 00 0B 88 BB D7 00
ERROR_MISS_SideHit_XZAngleMaxDueToLateralVelocity,F2 45 C1 BF DD CD 3B D2
ERROR_MISS_UnderHit_ElevationAngleEffect,FC 90 47 8A 26 03 A8 A6
ERROR_MISS_UnderHit_ElevationAngleMax,10 BB 21 48 F5 96 E4 A5
ERROR_MISS_UnderHit_RotationPitchEffect,5F B2 7E AD 1D C3 24 40
ERROR_MISS_UnderHit_RotationPitchMax,32 8B 75 2C 3E D6 09 5D
ERROR_MISS_UnderHit_RotationRollEffect,27 ED 1E 38 C4 A6 44 3B
ERROR_MISS_UnderHit_RotationRollMax,42 01 38 9F 94 38 08 78
ERROR_MISS_UnderHit_SpeedEffect,53 B3 D4 70 64 F1 3A BA
ERROR_MISS_UnderHit_SpeedEffectMax,BC 76 4B 71 EA 08 6D EE
ERROR_MISS_UnderHit_XZAngleEffect,4F 8C A0 F5 4E B0 18 E2
ERROR_MISS_UnderHit_XZAngleMax,6F D3 E2 F8 0E A7 E9 38
ERROR_MISS_UnderHit_XZAngleMaxDueToLateralVelocity,6E 04 63 F1 28 98 B8 7E
ERROR_MISS_UpperHit_ElevationAngleEffect,88 0B E6 4C 56 9C 47 F0
ERROR_MISS_UpperHit_ElevationAngleMax,CC 0E 3F 8E 57 1E 15 5C
ERROR_MISS_UpperHit_RotationPitchEffect,14 0E 38 2A B7 CD EE 55
ERROR_MISS_UpperHit_RotationPitchMax,07 22 5D AE 5E 27 9F D1
ERROR_MISS_UpperHit_RotationRollEffect,6C E0 D4 00 5F A1 DA DD
ERROR_MISS_UpperHit_RotationRollMax,33 A0 7B 22 E2 E6 53 20
ERROR_MISS_UpperHit_SpeedEffect,C0 9B CB E2 B7 DF E5 AD
ERROR_MISS_UpperHit_SpeedEffectMax,C2 39 40 55 04 D3 B3 30
ERROR_MISS_UpperHit_XZAngleEffect,A5 4C 20 78 3E 7E 87 D9
ERROR_MISS_UpperHit_XZAngleMax,BF 7B 33 A5 97 EC 6B 5A
ERROR_MISS_UpperHit_XZAngleMaxDueToLateralVelocity,C1 91 FC 9C 47 7A B2 0E
ERROR_RollAdjustCoefficient,82 1F 30 BE 1A 75 90 57
ERROR_RollBoostCoefficient,62 9B 85 9D 53 E3 7D 15
ERROR_RollMaxRotate,5E 37 AD A5 96 0C B8 93
ERROR_XZAngleMax_MaxLateralVelocity,50 33 D6 39 A3 D7 8B 57
ERROR_XZAngleMax_MinLateralVelocity,29 96 78 0D 7F 93 8D 41
ATTR_BallTouchAvoidWeakerFootRate,32 18 58 94 59 31 C9 E9
ATTR_BallTouchDifficultyToMissRateMaxForMaxAttr,DD 3A A0 5E A9 4F EB F4
ATTR_BallTouchDifficultyToMissRateMaxForMinAttr,A3 8D 81 0E 44 A5 4D 59
ATTR_BallTouchDifficultyToMissRateMinForMaxAttr,8E 9C 8F 61 02 EC BE B8
ATTR_BallTouchDifficultyToMissRateMinForMinAttr,64 F8 BC 3D 05 12 FB 56
ATTR_BallTouchHeadSpeedModifierForPowerHeader,0A EC C2 B4 51 79 CA 28
ATTR_BallTouchHeightToMissRateMax,3F 4D C5 06 83 C7 C6 4E
ATTR_BallTouchHeightToMissRateMin,4B 7D 02 C5 BA 43 F1 B1
ATTR_BallTouchMissRandomCoefficient,A3 26 71 12 47 F5 1B 0A
ATTR_BallTouchMissRandomCoefficientForLowConcentration,0B 52 13 F0 16 1D 01 81
ATTR_MissStandTrapBallBounceModifyMax,62 5A D6 89 3E 3D E1 1A
ATTR_MissStandTrapBallBounceModifyMin,03 EC 78 F1 26 92 CF 30
ATTR_MissStandTrapBallHeightModifyMax,20 BF 9C 1F 8B 51 F4 AC
ATTR_MissStandTrapBallHeightModifyMin,46 DA 8E 98 E8 94 B5 27
ATTR_MissStandTrapMaxSpeedForMaxAttr,60 28 4E 43 4F DC 55 82
ATTR_MissStandTrapMaxSpeedForMinAttr,CA 09 57 C1 65 5D DF 21
ATTR_MissStandTrapMinSpeedForMaxAttr,B7 D7 25 20 2C BF 6B 6D
ATTR_MissStandTrapMinSpeedForMinAttr,73 78 1C 09 6C C9 3E D3
ATTR_MissStandTrapPerceptionModifyMax,FF 3D ED 0B 1A 16 95 FF
ATTR_MissStandTrapPerceptionModifyMin,D3 D9 D4 CA A5 66 FD 1B
ATTR_MissStandTrapPressureModifyMax,C4 1F 15 93 50 56 C0 6F
ATTR_MissStandTrapPressureModifyMin,E0 13 67 F8 28 B5 64 E8
ATTR_MissStandTrapUnBalanceModifyMax,BD B4 A7 5F A7 98 1B 98
ATTR_MissStandTrapUnBalanceModifyMin,68 EE 45 6C E5 98 F4 3A
BallTouchAggressionDefaultMax,DD 6E 91 55 FC 3D B7 C1
BallTouchAggressionDefaultMin,F4 50 95 DD 14 E8 C5 AE
BallTouchAggressionDefaultPressMarkMax,A8 D8 5D 8D 00 7F D5 37
BallTouchAggressionDefaultPressMarkMin,EE F9 95 1A 9A 2C A0 8C
BallTouchAggressionModForDribblePressure,63 5B 8B 2B 78 A6 CA CC
BallTouchAggressionModForGoingInGoal,26 D9 F6 4D 33 28 27 A4
BallTouchAggressionModForGoingOOP,BD A5 26 25 F8 1E C4 E0
BallTouchAggressionModForIntercept,4F 74 54 B1 44 02 7B A1
BallTouchDeflectShotMaxDistanceGraph,E2 9B 59 17 A5 4D FF 50
BallTouchDistanceToConsiderUnderPressure,CC CD 79 9B 17 54 8C 92
BallTouchDribbleMaxTimeToBall,21 B1 B2 2E 8E F8 C6 7B
BallTouchDribbleUnderPressurePercent,F0 B0 2D C7 2C 1A 4B CB
BallTouchNumFramesExtraForShotEnd,E9 FC D2 53 E6 E9 77 AB
BallTouchNumFramesIncrementForShot,92 EE 10 20 21 33 B3 A9
BallTouchNumFramesToCheckForShot,9E 83 A4 C6 EE 8D AC FB
BallTouchStretchShotBadAngleGraph,BE A8 33 8D 66 E1 DC 35
BallTouchStretchShotMaxDistToGK,99 20 FD 65 99 22 94 2C
BallTouchStretchShotMaxDistToGoal,FF A2 B1 B9 DC 6A B3 95
BallTouchStretchShotMinDistToGK,07 0F 6A 65 79 12 05 55
BallTouchStretchShotMinDistToGoal,96 99 4E D5 54 7A 5D 4C
BallTouchStretchShotOpponentDistanceFromTargetThreshold,C7 C3 D5 6E 63 24 81 AE
ERROR_MISS_SkillMove_ElevationRange,AA 40 39 DC A8 C8 01 C8
ERROR_MISS_SkillMove_PitchRotateRange,08 E9 6B 1D 12 56 29 FB
ERROR_MISS_SkillMove_RollRotateRange,FB 7B 86 9C 27 61 B5 3E
ERROR_MISS_SkillMove_SpeedRange,16 11 44 FA 36 A7 66 C7
ERROR_MISS_SkillMove_XZAngleRange,89 BB 75 58 5B 78 77 FE
SHOT_AssistedNetHalfWidthOffset,0D F8 24 A4 1E AF F4 1C
SHOT_AssistedNetHalfWidthRateChip,D7 CF 68 3D 53 12 53 44
SHOT_AssistedNetHalfWidthRateFinesse,F4 93 EF AF 58 93 EB 58
SHOT_AssistedNetHalfWidthRateNormal,D8 32 4C 58 FF 60 42 E3
SHOT_AssistedNetHalfWidthReduceRateAttrMax,2C F6 4B EB 21 1B B0 6F
SHOT_AssistedNetHalfWidthReduceRateAttrMin,6F D7 25 BB EA 3E 81 91
SHOT_AssistedNetHalfWidthReduceRateByAngle,8E 52 91 78 DC 13 AC E5
SHOT_AssistedNetHalfWidthReduceRateByContexts,08 0B 4F E3 34 A0 0F 54
SHOT_AssistedNetHalfWidthReduceRateByDistance,E0 C4 58 CF A1 0E 95 25
SHOT_AttrSpeedRangeAngle,D8 A6 15 7C CB 1D 7D 5D
SHOT_AttrSpeedRangeChip,0F 8B F2 0D 30 15 1B CE
SHOT_AttrSpeedRangeContexts,7A B9 1A 39 93 16 DB 5C
SHOT_AttrSpeedRangeFinesse,C3 44 DE E6 37 EC FA 12
SHOT_AttrSpeedRangeNormal,55 20 60 EA 82 31 78 15
SHOT_BaseSpeedMax,7B 3D B2 27 29 99 9A E0
SHOT_BaseSpeedMin,7A 08 25 73 17 D3 B9 D5
SHOT_DistanceBlendRate_Elevation,B0 F8 A7 FC 51 5C FA E5
SHOT_DistanceBlendRate_PitchRotate,BB DD 5E 5D 20 F3 B8 BF
SHOT_DistanceBlendRate_Speed,DA D0 AA C8 01 FE 05 78
SHOT_FarElevationGraph,F1 7B 43 B8 58 EE F1 2D
SHOT_FarPitchRotateGraph,FE 9C F8 AE 72 B0 1F 7E
SHOT_FarSpeedGraph,70 CB 6C C1 63 D3 68 EF
shot_farspeedgraphcontact,14 BE 6F 38 F6 42 13 45
shot_farspeedgraphmin,C7 90 FA 10 71 1A AE E5
SHOT_FinesseRollRotateGraph,D0 92 56 DD F3 21 4B 95
SHOT_Header_ElevationGraph,49 D3 3F A0 5A 92 85 2F
SHOT_Header_SpeedGraph,64 57 36 94 D1 51 07 58
SHOT_NearElevationGraph,3B 63 2D AF 30 23 1B 6B
SHOT_NearPitchRotateGraph,3A 17 28 A7 81 F9 AD 12
SHOT_NearSpeedGraph,23 29 2F 46 FA A6 4A AE
shot_nearspeedgraphcontact,02 9A 8D 39 2A 57 FC 7E
shot_nearspeedgraphmin,DE 6D 6E 1F AB 34 8F C9
SHOT_Normal_AttributeEffectByShotSpeed,BF FA 1E 89 D8 9D D2 80
SHOT_Normal_AttributeSpeedReductionGraph,51 B4 33 6A 55 52 88 F0
SHOT_RangeSpeedMax,EF 04 1B D7 C8 EE B1 0F
SHOT_RangeSpeedMin,7B 39 8A 16 65 13 21 0E
SHOT_ShotSpeedCoeChip,E8 74 08 B8 C8 ED 88 26
SHOT_ShotSpeedCoeFinesse,33 E2 CB 7B 3B 87 6E B1
SHOT_ShotSpeedCoeNormal,7D A8 28 CD 02 56 AF FB
SHOT_SideSpinAdjustRateTbl,B6 5D B9 E1 69 16 41 93
SHOT_SideSpinHighRateTbl,22 B5 00 1F 60 4B 33 3F
SHOT_SideSpinLowRateTbl,20 5C BB 9D D6 6E BD 3E
SHOT_SideSpinMaxMagnitude,EA 65 8F 8C 9A 64 83 3E
SHOT_Spin,74 14 BD 5F 6D D5 95 2A
PASS_AssistanceCrossGround,DE B7 07 C5 96 26 69 B5
PASS_AssistanceCrossLow,DE 38 2E 48 D7 E6 F9 A6
PASS_AssistanceEarlyCrossGround,96 1E B3 E9 0A EA 62 CC
PASS_AssistanceEarlyCrossLow,91 D4 86 B4 A1 D1 63 C6
PASS_CrossDistanceFromPowerBar_FAR,D4 B8 75 96 DC 13 4A 39
PASS_CrossDistanceFromPowerBar_HEADER,0A 4A EA 44 89 D1 CA F3
PASS_CrossDistanceFromPowerBar_NEAR,94 63 57 D9 BD 7A E0 2A
PASS_CrossDistanceGraphBlendRate,B4 BA 97 92 5A 33 C6 D1
PASS_CrossMaxXDistanceFromGoal,DC 1F D2 77 B9 98 99 58
PASS_DistanceFromCentreNormalCrossCloseInYards,EE B3 87 1B 78 66 48 3F
PASS_DistanceNormalCross,D3 50 11 9F CA 46 96 AE
PASS_ElevationAngleGroundCross,73 99 F7 B7 F9 D5 EE 44
PASS_ElevationAngleGroundEarlyCross,84 23 B5 33 82 76 DF A9
PASS_HeightOfCrossInYards,A9 BA E6 79 BD 51 A9 06
PASS_IdealLocationCrossGround,C0 81 85 A3 76 27 C9 3C
PASS_IdealLocationCrossLow,9C 26 5B 51 1A CE 74 26
PASS_IdealLocationEarlyCrossGround,5A 69 44 D1 AA 02 2B FA
PASS_IdealLocationEarlyCrossLow,B5 E1 91 14 4C 0F BE 67
PASS_LeadingAngleBaseScoreCrossGround,B6 37 7A A5 F2 49 12 35
PASS_LeadingAngleBaseScoreCrossLow,FB FC 0F 78 05 69 48 05
PASS_LeadingAngleOffsetCrossNormal,FE B6 20 B6 F7 09 E8 5F
PASS_SpinCross,F1 10 81 52 9A C7 04 4E
PASS_SpinEarlyCross,FD E5 85 2D F6 88 4A 20
PASS_SpinGroundCross,E3 F6 00 34 01 F9 AC A4
PASS_SpinGroundEarlyCross,54 0C 65 74 B4 74 1E DE
PASS_SpinLowCross,28 E1 5D 65 F0 A0 0D 40
PASS_FlexibleAssistRange,F2 AC 72 C7 4D A1 35 8B
PASS_FlexibleAssistRangeScale,E9 AB 75 83 2C 7A 0A 97
PASS_FlexibleAssistRangeScaleAim,70 B7 27 CF EA AA 0F 31
PASS_FlexibleAssistRangeScalePower,09 FB 3F 5D ED F4 FF 4D
PASS_FlexibleAssistStrengthAim,41 2D CF CF 2C B8 08 63
PASS_FlexibleAssistStrengthPower,08 43 34 09 98 9E 95 74
PASS_FlexibleHeadingToAimWeight,E0 8D 09 5E 74 F3 3D 6E
PASS_FlexibleHeadingToAttackWeight,5B 47 D9 9E 60 91 B2 21
ATTR_AccelerationReductionByShortTermFatigue,99 92 CA 44 50 AE 43 29
ATTR_DribbleInterruptDelay,AD 57 7C D1 68 D9 DD 31
ATTR_DribbleJogAcceleration,AF 03 FD 54 2B 09 84 AE
ATTR_DribbleJogSpeed,8B AA 9F ED 83 51 1F D8
ATTR_DribbleJogSpeedModifier,82 13 23 FF D2 B8 A1 E8
ATTR_DribbleMinTouchInterruptPenalty,06 5B A0 70 21 E2 7C 27
ATTR_DribbleMinTouchStretchPenalty,39 CE 7A B3 ED 0D 49 E4
ATTR_DribbleMinTouchTime,1D 56 56 A0 CE 13 71 7F
ATTR_DribbleSprintAccelerationTbl,BE CD 18 70 DC C2 CA A9
ATTR_DribbleSprintTouchSlowdownSpeed,A5 B4 F9 85 82 21 98 9C
ATTR_DribbleWalkAcceleration,8A 8A E9 B4 7E 45 82 F2
ATTR_DribbleWalkSpeed,5B A0 A4 4F 77 B4 0F A7
ATTR_JogAcceleration,24 1A B5 EE CC 61 DE 4A
ATTR_JogSpeed,C8 B8 02 BC 17 04 F3 3C
ATTR_ReactionTimeRate,3F B8 CB 0C F5 DC 88 8B
ATTR_SkillMovesTimeRatioForDribble,83 24 5F 17 06 12 E3 79
ATTR_SprintAccelerationTbl,64 6B 9A 6A 7A 09 73 7A
ATTR_SprintAccelerationTblMinMax,8B 59 63 37 F1 91 0B EE
ATTR_SprintReduceTbl,90 77 84 7C 86 DD 41 E3
ATTR_SprintSpeedFatiguedTbl,62 9E 10 BE EB C4 C9 92
ATTR_SprintSpeedFatiguedTblMinMax_Fast,31 20 93 3B A1 16 B3 9E
ATTR_SprintSpeedFatiguedTblMinMax_Normal,C6 A6 B8 47 7A B1 14 AA
ATTR_SprintSpeedFatiguedTblMinMax_Slow,F6 A9 50 36 D4 DE F5 2D
ATTR_SprintSpeedTbl,B1 EF 1E 4B 2B 7E DE D6
ATTR_SprintSpeedTblMinMax_Fast,F8 13 DF 02 81 66 44 5F
ATTR_SprintSpeedTblMinMax_Normal,45 A4 7D 08 44 23 C0 08
ATTR_SprintSpeedTblMinMax_Slow,E5 8E 51 F0 E5 A7 2E D3
ATTR_TurnIntensityClampForRun,1D B6 EB DF 50 27 E4 40
ATTR_TurnTimeRatioForContextualDribble,1B 32 29 4B EC 97 3D 27
ATTR_TurnTimeRatioForDribble,1A 4A 3E 8D B9 DA 7A A4
ATTR_TurnTimeRatioForSprintDribble,64 D7 0A 1D 4E 95 CF DF
ATTR_WalkAcceleration,A8 F2 0C E5 2A 8B 48 F3
ATTR_WalkSpeed,49 03 A0 B2 C6 C6 E0 AA
DribbleSprintTouchSlowdownSpeedByAngle,0B 83 3E 2B 00 0E 06 D2
BALLTOUCHSPECS_DeflectionRate,00 1E FE A4 97 76 3C 3F
BALLTOUCHSPECS_Difficulty,89 6C 96 20 4A DF 60 D6
BALLTOUCHSPECS_MaxAccel,D6 1C 7F CC 56 39 B2 77
BALLTOUCHSPECS_MaxAccelFromStand,41 BC 0E CA 4D 56 D4 31
BALLTOUCHSPECS_MaxModifyElevationAngle,80 57 1C 45 8C 3A 54 6C
BALLTOUCHSPECS_MaxReduceSpeed,1E FC 77 63 62 A8 62 3A
BALLTOUCHSPECS_MaxSpeed,B5 4B 39 E6 3D 03 4E 9E
BALLTOUCHSPECS_MinSpeed,30 AC 22 29 54 05 E2 E1
BALLTOUCHSPECS_PitchRotateRate,16 15 FD BE D0 03 31 59
BALLTOUCHSPECS_RollRotateRate,55 A7 8C AA 07 B4 F2 30
FANCYSCORE_ConsecutivePassesBoost,13 32 69 FC 82 21 FC 41
FANCYSCORE_ImportantMatchFactor,FA FA 6B 73 9F 01 E5 95
FANCYSCORE_ScoreBallSpeed,9E AE 6F 19 CA 96 A6 2E
FANCYSCORE_ScoreDifferenceBoost,FF B0 B5 39 77 83 68 A8
FANCYSCORE_ScoreDistFromGoal,9B 78 AE AD EF 85 32 8D
FANCYSCORE_ScoreDistFromOffside,74 3E 8A 19 09 62 EE AF
FANCYSCORE_ScoreOpponentReachTime,1D 6F 68 8B 07 DE 4C F9
FANCYSCORE_ScorePassDistance,39 D7 ED 59 38 BB CD E2
FANCYSCORE_ScorePassingAttribute,9E 74 28 1D F5 C7 5B 88
FANCYSCORE_ScoreRangeForFlairPlayer,07 F7 09 E5 F2 78 BD CB
FANCYSCORE_ScoreRangeForMostFlairPlayer,A0 1B 32 8C 80 18 7A ED
FANCYSCORE_ScoreRangeForNoFlairPlayer,A2 6A D6 DD 6F 9C A9 70
FANCYSCORE_ScoreSkillMove,C8 9B 27 9F 00 6C 5F E0
FANCYSCORE_ScoreTrait,9B CC 14 FE 63 4C 6C F8
FANCYSCORE_TimeOfMatchBoost,82 2D 84 FD 09 9C 77 F0
USERSKILL_MaxOverHitDistance,3B 33 5E 0D 10 33 49 4F
USERSKILL_MaxSlowDownRate,61 BD 9F F7 AD 6F 79 53
USERSKILL_MaxSpeedUpRate,2B 56 C2 9A 4A EB 08 18
USERSKILL_MaxUnderHitDistance,79 D4 F0 8A 19 69 7B 81
USERSKILL_SweetSpotSize,88 F7 CE 82 3D 36 7A 20
PASSSHOT_CONTEXTEFFECT_Animation_BicycleKick_Difficulty,54 A8 D2 B6 6D FC 54 A7
PASSSHOT_CONTEXTEFFECT_Animation_Chip_Difficulty,8E 1F 80 52 4C 85 D6 92
PASSSHOT_CONTEXTEFFECT_Animation_Clearance_Difficulty,8F 75 2D 03 B9 EC 3F CC
PASSSHOT_CONTEXTEFFECT_Animation_Finesse_Difficulty,DE AD 40 69 70 8C 33 8F
PASSSHOT_CONTEXTEFFECT_Animation_Lace_Difficulty,A5 C4 54 DB 16 B1 AC EA
PASSSHOT_CONTEXTEFFECT_Animation_OSF_Difficulty,E3 AD 46 1B 0D 9B A7 E7
PASSSHOT_CONTEXTEFFECT_Animation_Rabona_Difficulty,DB C9 98 8C BA 53 9E 25
PASSSHOT_CONTEXTEFFECT_Animation_Scoop_Difficulty,5F AB 90 2F FB 12 29 87
PASSSHOT_CONTEXTEFFECT_Animation_Sliding_Difficulty,28 76 28 EA 42 C3 1A 3B
PASSSHOT_CONTEXTEFFECT_Attribute_Max_ReduceRate,41 7A DB E9 4D 38 4E BD
PASSSHOT_CONTEXTEFFECT_Balance_Attribute_Max_ReduceRate,7A EA BB 04 6F 37 FC 1B
PASSSHOT_CONTEXTEFFECT_BallHeight_Difficulty,90 6A 2E 27 79 3D 66 E3
PASSSHOT_CONTEXTEFFECT_BallIncoming_RelBallOut_Difficulty,33 4F 13 8A 7B 5F B3 91
PASSSHOT_CONTEXTEFFECT_BallIncomingVelocity_Attribute_Max_ReduceRate,E9 D3 A9 8D A6 D3 43 B3
PASSSHOT_CONTEXTEFFECT_BallIncomingVelocity_Difficulty,49 64 D0 87 88 F9 C2 90
PASSSHOT_CONTEXTEFFECT_BallLateralVelocity_Attribute_Max_ReduceRate,69 FD 59 52 99 D8 9F B5
PASSSHOT_CONTEXTEFFECT_BallLateralVelocity_Difficulty,A9 EA CB 35 A5 61 F3 F5
PASSSHOT_CONTEXTEFFECT_BallLateralVelocity_RelBallOut_Difficulty,16 48 21 10 C4 19 23 30
PASSSHOT_CONTEXTEFFECT_BallPitchRotate_Difficulty,E0 AF 3D 89 F8 EB A5 DF
PASSSHOT_CONTEXTEFFECT_BallPosition_Difficulty,56 03 34 16 E3 3A 8C E2
PASSSHOT_CONTEXTEFFECT_BallRollRotate_Difficulty,B7 40 CB 6B 63 56 7F E5
PASSSHOT_CONTEXTEFFECT_BallYVelocity_Attribute_Max_ReduceRate,A6 6D 85 B8 86 45 4E 3C
PASSSHOT_CONTEXTEFFECT_BallYVelocity_BallBounce_Difficulty,39 C3 6D 24 AE 8D C4 2E
PASSSHOT_CONTEXTEFFECT_BallYVelocity_Difficulty,49 18 7E C1 F6 39 F9 2F
PASSSHOT_CONTEXTEFFECT_BallYVelocity_TimeSinceBallBounce_Max,1A 4E B4 33 3A 74 41 1A
PASSSHOT_CONTEXTEFFECT_BallYVelocity_TimeSinceBallBounce_Min,E4 B1 34 80 68 24 14 AA
PASSSHOT_CONTEXTEFFECT_KickAngle_BallHeight_Modifier,EB EE E9 B0 35 C2 D4 2A
PASSSHOT_CONTEXTEFFECT_KickAngle_Difficulty,13 B0 48 51 88 43 7F 2F
PASSSHOT_CONTEXTEFFECT_KickAnglePower_Attribute_Max_ReduceRate,17 34 5E FA A3 3A 60 64
PASSSHOT_CONTEXTEFFECT_KickPower_Difficulty,29 F2 39 8E 7A 02 0E B9
PASSSHOT_CONTEXTEFFECT_MODIFIER_KickPower,D4 E0 45 6E C5 5C 8F DD
PASSSHOT_CONTEXTEFFECT_Momentum_AddSpeed_BallSpeedEffect,CF 54 3D 56 F3 2B 63 BE
PASSSHOT_CONTEXTEFFECT_Momentum_AddSpeed_PlayerSpeedEffect,B6 DF C1 8C E3 7F 4C 34
PASSSHOT_CONTEXTEFFECT_Momentum_Attribute_Max_ReduceRate,E1 B1 A4 50 13 64 B3 F9
PASSSHOT_CONTEXTEFFECT_Momentum_PlayerMoveSpeed_Difficulty,F8 1F B1 4D E9 8D 9C 23
PASSSHOT_CONTEXTEFFECT_Momentum_PlayerSpeed_Difficulty,3E 89 13 00 12 2B F1 DE
PASSSHOT_CONTEXTEFFECT_OverUnderHit_Probabillity,1B 88 E1 C9 78 DA 97 55
PASSSHOT_CONTEXTEFFECT_Perception_Attribute_Max_ReduceRate,AD 59 81 44 9F 9C 95 B9
PASSSHOT_CONTEXTEFFECT_Perception_Difficulty,C7 42 72 13 09 E2 73 02
PASSSHOT_CONTEXTEFFECT_Pressure_Attribute_Max_ReduceRate,D4 77 34 33 07 D8 64 24
PASSSHOT_CONTEXTEFFECT_Pressure_Difficulty,DB 55 9A F7 66 E2 94 1C
PASSSHOT_CONTEXTEFFECT_PressureAngle_Difficulty,35 09 5E 9B 18 12 CB AF
PASSSHOT_CONTEXTEFFECT_TouchPart_BackHeel_Modifier,1F 70 D8 0F F5 3B 0A AF
PASSSHOT_CONTEXTEFFECT_TouchPart_Head_Modifier,B3 B7 BC 77 30 94 56 F2
PASSSHOT_CONTEXTEFFECT_TouchPart_InsideFoot_Modifier,EB 71 81 ED 50 6C 60 2E
PASSSHOT_CONTEXTEFFECT_TouchPart_InsideFootTop_Modifier,06 8D D7 8B E8 92 85 CB
PASSSHOT_CONTEXTEFFECT_TouchPart_Laces_Modifier,49 12 49 B1 8C 8B C3 A0
PASSSHOT_CONTEXTEFFECT_TouchPart_OutsideFoot_Modifier,D5 C3 CB B4 AA F6 BD 0D
PASSSHOT_CONTEXTEFFECT_TouchPart_Toe_Modifier,1A 12 93 8C 70 33 F9 CD
PASSSHOT_CONTEXTEFFECT_WeakFoot_Difficulty,6D 81 CE D8 4D E5 46 AE
PASSSHOT_CONTEXTEFFECT_WeakFoot_InsideFoot_Difficulty,17 E6 00 77 EB E3 97 62
PASSSHOT_CONTEXTEFFECT_WeakFoot_Laces_Difficulty,AD E7 2E 0E 45 16 2C 91
PASSSHOT_CONTEXTEFFECT_WeakFoot_OSF_Difficulty,08 CD 68 AB 39 47 91 0C
PASS_SynergyThreshold_DeflectRate,10 1F 94 B8 5C CC 85 BD
PASS_SynergyThreshold_HighPower,EF 00 14 DD 27 71 0D 0A
PASS_SynergyThreshold_LowPower,82 E9 45 AA 8F D9 A2 35
PASS_SynergyThreshold_VeryLowPower,32 8E 6A D6 4D 81 4C 8C
TRAP_CONTEXTEFFECT_AttributeModifier,CC 08 64 54 27 44 CD 28
TRAP_CONTEXTEFFECT_Balance,1B 93 6C 57 B6 E7 31 DD
TRAP_CONTEXTEFFECT_BallIncomingVelocity,E5 FB 30 50 D3 DF FC B3
TRAP_CONTEXTEFFECT_BallLateralVelocity,FC 5A A9 A9 7A C0 3C 12
TRAP_CONTEXTEFFECT_BallSpin,C6 A3 F2 C1 35 6B 74 AC
TRAP_CONTEXTEFFECT_BallYVelocity,7D BE 94 C0 EA BB 09 58
TRAP_CONTEXTEFFECT_Bounce_BallSpeed,07 C4 6C E9 BA 78 12 8B
TRAP_CONTEXTEFFECT_Bounce_TimeSince,B2 02 E3 9A B4 87 A2 32
TRAP_CONTEXTEFFECT_MissTrapEffect,22 6C C6 EC FA 31 3D 5C
TRAP_CONTEXTEFFECT_Perception,71 EF FA F6 75 F7 05 7A
TRAP_CONTEXTEFFECT_PlayerVelocity,8C B6 9F 25 93 BA ED 5F
TRAP_CONTEXTEFFECT_PressureModifier,D6 A5 25 0A A5 46 B4 B7
TRAP_CONTEXTEFFECT_RelBallOutAngle,FC E2 20 B9 9D D8 C2 F1
TRAP_CONTEXTEFFECT_TrapHeight,72 BF DC EA 8B EF D8 A7
CAMERACELEB_Dist,DD D1 E6 72 88 16 BB 95
CAMERACELEB_FacingVsCamera,BA 6C 10 F9 DA 3E E6 09
CAMERACELEB_StickAngleVsCamera,6A BE E3 3D 68 C6 59 EE
CORNERCELEB_Dist,95 E2 24 52 36 84 ED 74
CORNERCELEB_FacingVsFlag,1D A9 D2 99 83 F3 61 FB
CORNERCELEB_StickAngleVsFlag,57 F4 AA 1F 03 8A 7E 93
RBN_GC_BackPostOffset,EF 66 F2 E7 27 A7 E4 3A
RBN_GC_BehindGoalMinDistance,4D A3 56 22 69 C1 E8 4A
RBN_GC_Dist,16 88 93 9C 1B 8D BA 27
RBN_GC_Facing,A6 1B C7 96 F3 60 99 3E
RBN_GC_MaxEnteringDistFromGoal,DA 24 8C 06 78 CB 02 27
RBN_GC_MinEnteringDistFromGoal,BE 2A C6 49 4D EC 8B 01
RBN_GC_StickAngle,2A E9 67 E5 3B 09 E8 31
SUBS_GC_Dist,AB AF 9E 73 D2 FE 0A D5
SUBS_GC_FacingVsSubs,55 59 DE FF 8E 91 1C B3
SUBS_GC_StickAngleVsSubs,3D AD 6B 86 2F DF C5 6A
UCC_CatchRadius,82 78 79 04 98 B6 06 DB
UCC_ChaseDistOnScore,0B 60 31 B6 59 DC E0 E7
UCC_ChaseDistPostScore,FE CF 8B 73 C1 43 38 5A
UCC_ChaserSpeed,4A 18 30 15 80 74 88 C2
UCC_ClosestChaserSpeed,07 C7 85 00 04 C1 61 8E
UCC_Intensity_MD_MI,4A AA CB E1 9A B6 84 42
UCC_Intensity_ResultNeeded,53 C7 E6 C7 C2 F9 96 3D
UCC_LowGCPlayerCount,9D 9C 68 30 FC 1E 1B F9
UCC_MaxTime,66 E9 7E 88 6D 11 A5 17
UCC_MinNumChasers,C3 F7 E0 6D 2A 92 07 4A
UCC_MinTime,12 C3 F2 31 93 B2 B9 7A
UCC_NotLowGCPlayerCount,4C 65 ED 1D 81 31 8B CE
UCC_SelfSteerInterval,70 B7 B8 0E 14 18 C0 3D
UCC_StopAndStareDistance,BC E4 DE 4E 33 44 07 DB
UCC_StopAndStareViewAngle,7D 2A C7 C9 9A 91 98 C1
Environment_Material,69 3D EC 38 65 C4 E9 88
Airflow_AirPressure,5E DD DA 7F 1F 4F 4D 8E
Airflow_AngularDamping,DB 3F 0C 95 29 07 E5 27
Airflow_BallDragType,EB BB EE 6E 25 41 DE 20
Airflow_DragMultiplier,2B 4B 85 ED 00 59 A7 B8
Airflow_LinearDamping,BD 05 D3 21 94 63 89 D2
Airflow_ReynoldsSubCritical,1D 2C 78 11 46 23 02 D5
Airflow_ReynoldsSuperCritical,03 61 54 DE A1 8D 1D 96
Airflow_ReynoldsThreshold,C2 2B 20 0C C3 36 61 8A
Airflow_Viscosity,F2 76 24 58 C6 1A 24 0D
ATTR_FatigueEffectPointTbl,82 47 28 66 F2 F0 77 AF
ATTR_FatigueEffectTbl,72 88 48 41 E7 10 0F 09
ATTR_FatigueLongTermAffectOnShort,9F 32 C1 44 B4 AD C5 3A
ATTR_FatigueModifier,1B D2 75 8A E4 A7 01 2F
ATTR_FatigueRateByAltitudeDiff,4C 0B 29 3C 94 51 A1 9D
ATTR_FatigueRateByStamina,AA 5B 8D 8F 00 E3 69 F3
ATTR_FatigueRateByStaminaForShortTerm,AA 43 28 59 48 53 24 63
ATTR_FatigueRecoverAmount,7B 9D 7B 0E 9B CD 92 71
ATTR_FatigueRecoverRate,5B A3 AB 33 A6 7B 95 FB
ATTR_GeneralConvertTbl,ED 49 05 D9 90 EE ED EE
ATTR_LightInjuryRecoverTime,E8 8E 7A CC AC 94 6A 1E
ATTR_LongTermFatigueIncreaseRate,77 92 D0 D3 76 23 FA 36
ATTR_MinSkillFor45ComboTurns,C1 90 24 83 FF CF B9 CD
ATTR_ShortTermFatigueIncreaseRate,17 D6 B4 C8 D7 56 FE A7
ATTR_shortTermFatigueRecoveryRateByStamina,4B 14 DB 03 C8 95 45 D7
ATTR_ShortTermFatigueSlowdownRate,AC 66 87 F9 0D AB 50 30
ATTR_ShortTermFatigueSlowdownThreshold,EC B7 06 98 BB A4 45 77
ATTR_WeakFootAbilityTbl,C4 E7 4D E3 4B D1 BB F1
superCancelTriggerTimeAfterPass,E7 40 C8 5D 23 DC C4 C4
REACTION_DistanceEffectFar,6C 03 97 BA 47 E0 40 72
REACTION_DistanceEffectNear,FF B4 7A 77 72 32 70 80
REACTION_DistanceEffectUsageByTouchType,70 A4 D0 7D B9 9C F5 35
REACTION_DistanceEffectWeightFar,7B 86 11 37 DA 71 6A 90
REACTION_DistanceEffectWeightNear,80 F5 43 5D B3 E1 7A 32
REACTION_LooseballAttributeEffectMax,A5 72 4C 39 0C D3 DA E7
REACTION_LooseballAttributeEffectMin,FE D4 61 46 B7 67 FF 89
REACTION_PerceptionDecrease,37 18 82 59 4B 7B 85 23
REACTION_PerceptionIncreaseMax,85 0A 9A 6B 20 68 5D 4D
REACTION_PerceptionIncreaseMin,27 15 14 91 5D AE B2 52
REACTION_SpeedEffectBase,F7 6C 73 6F 7F 60 DA A0
REACTION_SpeedEffectMaxSpeed,2C 0D 28 9E C0 3B 54 01
REACTION_SpeedEffectMinSpeed,C0 23 F7 DE A6 E5 BE AF
REACTION_SpeedEffectWeight,AA 1B 17 EE B7 A4 C4 9B
REACTION_SpeedEffectWeightByTouchType,7C DD 7F D7 B0 0A 50 8F
ATTR_InjuryProbabilityModifierByAngle,84 0D A0 1D 89 59 C2 8D
ATTR_InjuryProbabilityModifierByFatigue,56 1D 76 61 1E B6 F3 C6
ATTR_InjuryProbabilityModifierByTraits,07 75 2B 9D CA 03 4F 6C
ATTR_InjuryProbabilityTableForLight,D6 0B 75 FA C6 CF CD E6
ATTR_InjuryProbabilityTableForMiddle,0C C3 02 58 58 C9 47 FE
ATTR_InjuryProbabilityTableForSevere,3D 3F B9 01 CF 35 F2 0F
Injury_AOGPowerKickInjuryProbabilityByFatigue,3A 96 4A EF 16 4A 8A 1B
Injury_AOGSprintInjuryProbabilityByFatigue,7E 61 66 B7 CA 5F 01 3C
Injury_AOGStretchInjuryProbabilityByFatigue,47 B5 59 6B 76 76 31 E6
Injury_LongTermFatigueInjuryProbability,70 D5 4F 1F 2D FA 61 A8
Injury_LongTermFatigueThresholds,DA 08 F1 F3 0F 4F D3 47
Injury_MaxForceForBodyJoint,68 1F 5F D3 C6 BF 76 EC
Injury_MaxForceForBodyPart,28 92 F5 D8 B3 B3 75 CA
Injury_MaxTorqueForBodyJoint,7B 20 FF 4A 1A 41 23 54
Injury_MinForceForBodyJoint,F4 25 1C D4 63 7C 90 EE
Injury_MinForceForBodyPart,32 E0 82 4D 12 66 C2 F1
Injury_MinTorqueForBodyJoint,8A FF A5 65 39 3C 01 2F
Injury_PlayerAttributesMaximumReductionRate,33 04 E4 D6 99 31 CE A2
Injury_probabilityTableForLight,34 00 1D AE 23 0D 76 F6
Injury_probabilityTableForMiddle,F9 30 93 29 66 01 D5 80
Injury_probabilityTableForSevere,1B DC 3D A8 65 E1 53 B4
Injury_SprintMinMaxTime,D2 F9 6D 7D 79 94 15 DD
Soccerposts_Backposts_Ball_Impulse_Magnifier,EF 2E 25 D6 9A D9 78 31
Soccerposts_Backposts_Damping_Factor,E5 09 F6 09 56 A3 31 3D
Soccerposts_Backposts_Mass,5C B1 93 43 1B DD 26 3E
Soccerposts_Backposts_Spring_Factor,F8 82 72 72 49 9F 97 CA
Soccerposts_Goalposts_Ball_Impulse_Magnifier,6A 63 E2 DA 5B 41 CE 0D
Soccerposts_Goalposts_Damping_Factor,88 F0 96 8B 38 AD F5 E5
Soccerposts_Goalposts_Mass,94 DC D5 5E 17 AA C9 BD
Soccerposts_Goalposts_Spring_Factor,5D 79 76 D8 D7 86 97 ED
EATech_Baseframe_Enable,C9 3A FC 62 24 F2 94 B2
EATech_Baseframe_Mass,24 A6 22 F3 6A B7 95 13
EATech_Net_Ball_Contact_Padding,FA 77 16 80 99 71 BF 81
EATech_Net_Ball_Dynamic_Friction,E9 06 81 2A 91 94 FA FF
EATech_Net_Ball_Static_Friction,98 3E 01 4B D7 BA E1 B8
EATech_Net_BBox_Padding,B3 F8 F4 0E 7D 1A AE F6
EATech_Net_Damping,47 60 D3 4C EA 0A 2B B2
EATech_Net_Depth_Bottom,94 91 8C 71 98 EA E8 85
EATech_Net_Depth_Top,CE 0E 59 BD 42 85 AA A2
EATech_Net_Drag,25 98 AF 35 75 2B E7 8C
EATech_Net_Ground_Dynamic_Friction,B3 FE CB 98 16 07 1A 53
EATech_Net_Ground_Static_Friction,1F 76 26 03 F5 9D F6 2A
EATech_Net_Mass,D6 27 CA 4B C1 F3 B1 14
EATech_Net_Spring,24 BB DD 7F 22 66 E3 6B
EATech_Net_Tension,47 04 49 CE 9C EA 4B 0C
EATech_Solver_Iterations,6A 12 11 98 69 00 FA 90
EATech_Solver_Net_Relaxation,06 B3 4D 66 F6 0C 6B 9D
EATech_Solver_Net_Seam_Enable,B4 59 2B 63 93 E1 66 B9
EATech_Solver_Net_Seam_Relaxation,86 D3 6B 21 31 BA C8 54
EATech_Support_Damping,BE A4 A4 F0 E0 3B 26 E4
EATech_Support_MassWeighting,59 1C 51 18 0B 68 AA C7
EATech_Support_Spring,C7 52 18 DF 77 DD E4 D5
EATech_Support_Tension,38 EC FC 76 00 2A 9C AE
Soccernet_Mass,68 CB B2 21 7D E6 D3 38
Soccernet_Material,07 56 58 CC B9 51 D5 02
Soccernet_SolverIterations,11 F3 91 45 6A FB 56 A1
Soccernet_Tightness,D6 9D 35 BF 31 AC AB 9D
Soccerpost_Material,08 43 2C 54 86 FA A8 78
BallAngularDrag,B7 33 A9 C3 C2 49 D4 A0
BallBounceAngularDamping,B1 CB 73 C2 4D B0 3F 3B
BallBounceLinearDamping,AB CF C4 F4 2D E4 8E F3
BallDensity,83 F8 A3 39 58 B6 96 C8
BallDynamicFriction,52 6E 1E 02 70 96 23 91
BallLinearDrag,C1 D8 8C 15 EA 68 8F 30
BallMaxAngularDisplacement,64 9B 37 B7 9E F5 21 C4
BallMaxLinearDisplacement,E2 14 AB 15 17 92 26 00
BallRestitution,84 F5 DC 7D E2 46 25 81
BallRollAngularDamping,C3 D3 49 89 30 D8 4B DA
BallRollLinearDamping,28 FB 2F 04 99 DC 3B CB
BallStaticFriction,F2 01 0C 34 B0 17 73 28
FieldDynamicFriction,AC FE F7 24 E9 20 1F D1
FieldRestitution,69 45 C5 4C CA 05 83 F2
FieldStaticFriction,3E 09 C7 45 5F E3 C8 F2
MagnusCoefficient,A9 20 EF C3 55 81 A5 3D
MagnusDragMultiplier,74 AB F0 55 03 9C 2F 66
MagnusReynoldsThreshold,63 73 2D 24 46 12 41 79
PhysicsAirPressure,7B D5 EF 20 FF 5F 5B FC
PhysicsAirViscosity,CC BA 0C B3 F6 D6 E8 4D
Field_Dry_LowMaterial,32 A5 01 2E CB B4 E8 5B
Field_GrassBounceEnergyAbsorption,B1 6B BC C0 BF 05 A3 9A
Field_GrassDensityCoeff,AF 8E E9 D9 81 D8 2C 5A
Field_GrassRollingStopThreshold,C9 DC A8 EF 36 4B BB 19
Field_Mud_LowMaterial,0C 27 FA 70 49 3F 88 AC
Field_PitchWearHigh_Bump_Prob,62 BC 3A E2 B8 A4 48 88
Field_PitchWearHigh_Bump_Size,8B 95 1E AE 56 35 93 82
Field_PitchWearLow_Bump_Prob,EC AC F6 67 4C 51 90 EA
Field_PitchWearLow_Bump_Size,F2 B7 21 46 26 CC 84 C1
Field_PitchWearNone_Bump_Prob,07 4D E9 58 62 E3 EF 57
Field_PitchWearNone_Bump_Size,F6 6D 49 DF 44 34 32 7C
Field_Snow_LowMaterial,83 DE 54 31 4D 49 13 0A
Field_Wet_LowMaterial,58 0A 8D B4 7E 26 7F 11
BallRestitutionMaxSpeed,66 48 34 A8 57 5D 36 BB
BallRestitutionMinSpeed,3E 8B BB 51 45 1C A8 BC
BallRestitutionReductionMax,45 A9 18 28 6B E4 55 2C
Soccerball_GripConstant,36 7D 05 E1 9C 02 EB 75
Soccerball_Inertia,8D CD 9A A7 89 F8 70 48
Soccerball_Mass,DD 31 13 90 6A EF CD A9
Soccerball_Material,AE 56 22 A8 06 00 F8 5A
Soccerball_Radius,CE 0C CA 91 4F 49 95 FB
dribbleAggressivenessByDistFromAttackingGoalDifficultyModifier,05 52 15 2E 59 3B 66 E6
dribbleAggressivenessByDistFromAttackingGoalForMaxSkill,59 EE 7B D5 59 06 3F C0
dribbleAggressivenessByDistFromAttackingGoalForMinSkill,7D 7F 6C A9 90 00 B7 85
dribbleAggressivenessByDistFromAttackingGoalMappingCurve,AD 78 1F 33 50 21 A1 FC
dribbleAggressivenessByDistFromDefensiveLineForMaxSkill,88 D3 72 6B 11 CC 45 6B
dribbleAggressivenessByDistFromDefensiveLineForMinSkill,2C C1 09 6B A6 34 3E C7
dribbleAggressivenessByDistFromDefensiveLineMappingCurve,DE 27 70 55 61 37 6F EA
dribbleSafetyChanceToPredictDefenderFuturePosDifficultyForMaxSkill,A7 41 87 A4 70 DE F2 E0
dribbleSafetyChanceToPredictDefenderFuturePosDifficultyForMinSkill,68 A0 63 C4 21 CA 06 58
dribbleSafetyChanceToPredictDefenderFuturePosDifficultyMappingCurve,A2 DC D1 5D 65 D7 AC 4E
dribbleSkillMoveDisable,9E 2B 29 08 8C 69 BE C0
dribbleTargetUpdateFrequencyDifficultyTable,DB 4A 99 78 69 79 DA 1D
dribbleTargetUpdateFrequencyMaxDifficulty,66 A1 C7 9A DF 2D E6 88
dribbleTargetUpdateFrequencyMinDifficulty,97 BA 20 EE F8 1D CF 7A
dribbleToStopBallPosPPDribbleRatingModThreshold,0B 69 73 BD F7 5A 7B C3
dribbleToStopThresholdBasedOnScaleDistToAttackGoal,86 AF 17 E7 AA ED 8D CA
dribbleToStopThresholdModBasedOnSpeed,CC 86 E3 FF 69 27 40 E3
dribbleUpdateFrequencyDifficultyTable,75 B4 DD 69 10 31 AF 57
dribbleUpdateFrequencyMaxDifficulty,AB D6 5F B4 08 71 3B 5B
dribbleUpdateFrequencyMinCapByAttribute,83 0C 2A 9D 53 07 E0 25
dribbleUpdateFrequencyMinDifficulty,75 67 BF A6 27 E9 A4 23
dribblingSafetyMax,3A E9 6F 48 81 89 DC 3A
dribblingSafetyMaxSprint,CE 46 E8 A4 92 EC 7E E9
dribblingSafetyMin,1B C4 6B 3D CB 7C 19 77
dribblingSafetyMinSprint,C5 A6 DA 7D F3 77 A3 4C
maxDribbleAngleError,93 88 6C 7A A9 69 9B 7C
maxDribbleRandomErrorDifficultyLevelTable,87 71 F2 F9 45 2A 43 3A
maxDribbleRandomErrorMappingTableMaxDifficulty,9A A0 18 E9 ED 92 03 4F
maxDribbleRandomErrorMappingTableMinDifficulty,8B C4 16 69 85 B2 D2 76
PredictionPointMaxMovementDistance,F1 46 CD E3 5D EA D6 C4
PredictionPointMaxSpaceDistance,52 98 6A 5F E5 B5 FF 69
PredictionPointMinMovementDelta,BD 20 30 1D 77 7F 89 01
ThrowinMaxDistance,92 75 45 8F DD 35 44 C7
TraitLongThrowThrowinMaxDistance,03 C5 9F 75 88 5D C2 A2
FACE_AnticipationDistance,56 B3 34 6A 0B B7 CD C5
FACE_EffortSpeedThreshold,8B A8 3F AD 3B 73 D7 58
FACE_FatiguedSpeedThreshold,41 6A DE C2 F8 4C 0A 49
FACE_JostlingEffortSpeedThreshold,40 8F 3D E4 6D D7 CA B1
FACE_LongTermFatigueThreshold,E6 BB 77 1B 38 CB 4A A9
FACE_ShortTermFatigueThreshold,F0 27 DA 7A F0 55 2A 01
FACE_GameFaceSpeedThreshold,53 36 AC 5B 46 45 14 EC
ACTION_IntensityToAccel,CE BD 36 35 60 B7 6D 91
ACTION_IntensityToSpeed,2A 7F 90 28 3A 54 B0 8E
ACTION_IntensityToTurnSpeed,CA AE 6E 33 DD 35 68 03
ACTION_IntensityToTurnSpeedSlow,D5 8D 26 EF 9A CF 92 E9
ACTION_MaxCycleLength,59 12 83 6D 74 AF 11 D9
ACTION_MinCycleLength,47 82 8D 26 02 47 53 F8
ActorBaseMaxAcceleration,14 1F 0D 3C 03 FF 00 EC
ActorBaseMaxSpeed,33 D4 68 3A 0B 3B 99 FF
DistanceChangeDirectionCoefficient,90 17 4E 2D DF 1D B3 89
DistanceToChangeDirectionAtFullSpeed,EA 0E C6 4F 83 69 D6 C8
DistanceToChangeDirectionAtStop,BC 5D C4 3F D3 AB AD 2D
DistanceToStopAtFullSpeed,48 B1 81 16 F8 59 91 D5
EstimateTaskScale,6C 1B 17 CB AE 23 2C 98
EstimateTaskTimeScale,BB C5 8C 45 38 64 BF 23
MaxOversteerAngle,6C 7B D5 3F A6 67 A0 A2
MaxSpeedHalvedRelMoveAngleSpeed,81 B8 95 0A F0 E7 B6 A8
NoSuddenTurnDistance,79 EB 2D DA D0 78 55 3D
NoSuddenTurnSpeed,B6 14 ED DD 98 5B D7 3E
OversteerDistanceDampener,A6 DE B9 56 1C E1 D1 CC
OversteerMagnification,CC 7A 0C 31 70 76 C4 73
RunnerAcceleration,4F E7 83 86 3F 90 74 9B
RunnerDeceleration,0F 38 8B 66 1A 7C 4B 3C
StopAngle,85 06 B5 05 63 5A CD 3F
StopAngleSpeed,3C 12 1B 77 61 41 CE 2A
StopDistanceFn,5D FC D5 EE 40 F2 72 94
StopDistanceFnUnit,D0 6B C8 83 CD 4C 59 59
StopDistanceStrafeFactor,4E C9 EC C6 93 A9 11 BD
StopRadius,4E AB B7 4E FB BD 2A DB
StopRadiusSpeed,F3 F5 90 44 9A C6 BE 1E
TimeToChangeDirectionAtFullSpeed,35 6A 27 7D 21 1B 00 2D
TimeToChangeDirectionAtStop,B2 F0 4D 19 87 E3 F1 DF
TimeToStopAtFullSpeed,85 8D DB AD 87 4C 8C 30
shotPowerForHigh,F5 80 79 E8 8A F8 22 49
shotPowerForLow,FD 01 79 2C F9 DA 03 20
shotPowerForMiddle,48 CE 83 37 5C 2C 5A 7B
shotPowerForMiddleHigh,5A 95 B4 27 82 EC CF 54
shotPowerForMiddleLow,5F 93 60 90 C4 FD A4 6F
chipShotDecisionAttributeScoreDinkType,D1 A7 78 E2 42 E3 DE 8E
chipShotDecisionAttributeScoreLongDrivenType,61 B3 07 0B 28 9A 4C AF
chipShotDecisionAttributeScoreOverGkType,26 1B 31 95 52 22 DF AB
chipShotDecisionBallGoalieDistMax,66 C4 9E 0C 20 90 BF D7
chipShotDecisionBallGoalieDistMin,5F 03 94 71 5F C7 9A DE
chipShotDecisionDinkMaxOptimalDist,E1 49 0A 14 56 8D 94 BF
chipShotDecisionDinkMinOptimalDist,14 DA 05 C0 E4 E3 85 DD
chipShotDecisionGkGoalDistMaxLongDrivenType,79 0D D6 3C CE 5E 6F C1
chipShotDecisionGkGoalDistMinLongDrivenType,85 28 C3 5C 25 01 0A D8
chipShotDecisionGoalieGoalDistScoreDinkType,5A 47 C6 6B 32 AC DA AD
chipShotDecisionGoalieGoalDistScoreOverGkType,18 5C 66 C7 DB A6 BF FF
chipShotDecisionMaxDinkShotDist,D6 5A 35 B8 EC D4 EA F2
chipShotDecisionOverGkOptimalDist,CC 2C 99 F2 86 CC 78 B5
chipShotProbabilityDinkType,10 02 58 2D D3 18 7B 16
chipShotProbabilityLongDrivenType,8C 3A 30 BF CA 56 B1 E4
chipShotProbabilityOverGkType,92 EE 73 13 18 F8 C3 5F
shotErrorMax,13 30 DB 29 1B 98 60 9C
shotErrorRandomFactorDifficultyMapping,43 2D E1 C7 AF C4 D1 BC
shotErrorRandomFactorMaxDifficulty,24 ED B8 94 44 70 53 A3
shotErrorRandomFactorMinDifficulty,EA F8 CE 35 86 36 FE 0C
shotFinesseAngleDiffFromForwardMax,71 4A 5B 9D 0D F1 ED E1
shotFinesseAngleDiffFromForwardMin,73 9F FD D7 5F DB 41 D1
shotFinesseChance,D6 1D 4E 77 79 59 26 C0
shotFinesseChanceModForNonTraitPlayer,EF 89 14 15 82 3B B9 D7
shotFinesseDistScore,0D 89 AB 03 80 C7 A3 18
shotFinessesMaxAngleDiff,47 F6 28 45 53 A7 D6 BE
shotFinessesMinAngleDiff,0A 08 00 F1 57 7D 62 08
shotFinesseTargetGoalieDistMax,64 5F 7E F2 73 CE 3A 02
shotFinesseTargetGoalieDistMin,F3 21 51 82 E7 C1 BB A6
shotFinesseWeakFootScore,40 E0 0C E8 C9 BB DC 9C
shotMaxDistBySkill,67 D3 CA F3 AA 2B 45 E0
shotMaxDistScore,28 83 BB 80 DE BD 1E 04
shotMinDistBySkill,AF 62 38 B9 DC EF 56 53
shotRandomScoreBoost,A3 E7 39 00 B1 5C BD 01
shotRandomScoreBoostAbsolute,79 FF 1E D8 2E 14 1A 4B
shotRandomScoreBoostMaxScore,F6 5A CD 8C 17 72 1B 3C
turningShotEasynessByDistanceStrongFoot,D1 07 9B 0E 60 9B FA 77
turningShotEasynessByDistanceWeakFoot,C6 02 02 24 BE 32 1B 88
shotPowerDecisionDistClose,5A D7 B3 A7 50 11 D8 F2
shotPowerDecisionDistFar,88 DA DC 63 CB FE 6F 31
shotPowerDecisionDistMid,46 D9 97 9A 43 A1 77 7D
shotPowerMaxCloseDistBadAngle,83 EC 1D 4C 0E 6D A6 50
shotPowerMaxCloseDistGoodAngle,30 CE 5E A2 9C 44 7F 10
shotPowerMaxFarDistBadAngle,E8 79 BA E4 FA C1 E5 53
shotPowerMaxFarDistGoodAngle,EC 05 27 C5 73 1C 8B 99
shotPowerMaxMidDistBadAngle,06 29 76 6E 7C C1 D4 D2
shotPowerMaxMidDistGoodAngle,44 FB 2F A2 7E 06 E4 41
shotPowerMinCloseDistBadAngle,0F E7 2B CF 15 E2 D3 48
shotPowerMinCloseGoodAngle,CF E1 C8 0D 2E 29 37 00
shotPowerMinFarDistBadAngle,D8 00 9E 30 89 25 22 CF
shotPowerMinFarDistGoodAngle,0D 89 BE 64 6C 92 72 F5
shotPowerMinMidDistBadAngle,9B 91 F9 2F F3 1F B0 DD
shotPowerMinMidDistGoodAngle,3F B4 F9 A6 0B A8 29 2B
_lifetime,5E E3 D9 7C DD 2A 1D 40
_msgCntThreshold,3C 6C 30 CA D9 34 ED 4D
_msgRequired,2D C2 FA CB 0C 0E 45 84
_windowSize,35 0B CE 81 C6 F8 C5 6D
halflife0,23 AB 50 B6 DB 43 F5 EB
halflife1,E4 36 38 79 2A BB 30 81
happiness0,65 06 EF D3 A0 52 9F 33
happiness1,31 AB BB EC 64 3A F0 05
intensity0,B4 A4 8A 9F BC 68 EF AE
intensity1,F7 91 75 13 AC 5B 81 A8
maxDistThreshold,11 37 5F DC 59 FE ED E2
minDistThreshold,BA 82 CC 7E 57 88 BA 43
minScaleAtMaxDist,25 19 FB EB 91 57 8D 56
badPassPasserReceiverHappinessThreshold,A2 E4 87 10 E4 8C B3 7C
badPassPasserReceiverPersonalityThreshold,C2 97 6A 60 D8 0E 7D FC
foulInfluenceFoulerEvalBreakawayDiscount,F3 9E F1 CD E8 4A 37 84
foulInfluenceFoulerEvalWeightOnCardType,2A 59 E2 72 CA 44 DD A2
numFoulsToBeConsideredPersistent,9F 6C CE 5F 95 6B 33 27
numMissedShotToBeConsideredPersistent,80 39 94 4A 13 11 FB 10
numOffsideToBeConsideredPersistent,7E 8F 51 71 E4 66 0B 0F
numPlayersToEvaluateIgnoredMissedShot,84 B5 EC E3 D5 DE 9B 1D
offsideInfluenceGoodOpportunityBonus,AB 83 46 08 21 D3 8C 20
personalityEffectTable,F2 DE AF 9C D2 64 43 48
teamCommonHappinessWeight,AC FF 89 39 19 91 5A BF
teamCommonIntensityWeight,31 26 9F 3E 04 4C BF 9E
threatDistanceFar,47 AE B0 E0 93 58 C4 1F
threatDistanceNear,96 A8 C5 D0 DA 31 32 B6
threatLevelMax,20 BC 17 59 49 70 00 C8
threatLevelMin,D7 67 A7 4C 7F 3F 44 6C
thresholdGreatSaveScore,4D EF D7 EA 2D 7A B4 02
thresholdHardChallengeFallSeverity,EF 3B FF 8C BC F7 1A B7
thresholdIgnoredMissedShot,FA CC D7 D7 5F CF B3 DC
GK_Diving_CoverageModifier_PointGraph,64 A0 BA 3C 72 10 63 50
GK_Diving_SlowDownDistanceThreshold,B5 D4 4F 02 1D 9F EC 30
GK_Diving_SlowDownTimeModifier_PointGraph,AF 94 9C 5F 55 AC C9 6E
GK_FakedOut_Dribbler_Add_Probability_PointGraph,DB 74 68 71 3E 39 47 5E
GK_FakedOut_MaxDistance_PointGraph,B3 F0 2B 91 27 83 C9 65
GK_FakedOut_MinDistance_PointGraph,7C EC 5C 7B 1D 8E 2D E0
GK_FakedOut_OneOnOneTrait_Reduce_Probability,D6 66 DA 1C 81 FD 0E B2
GK_FakedOut_Probability_PointGraph,60 E8 DD BF AF 4A 08 3C
GK_Getup_SpeedModifier_PointGraph,66 C5 FB 4E 3E FA C0 57
GK_GiveUp_DistanceThreshold,C6 84 0D EC 9E 8A E6 E0
GK_GiveUp_PassTimeThreshold,D9 6A B7 DE F6 C7 A0 E9
GK_Handling_EnableCatchBallSpeedCheckForBallInsideCage,E8 66 15 E7 C5 D0 9F 8F
GK_Handling_MaxCatchSpeed_PointGraph,F2 96 20 3E 80 CE 76 B3
GK_PKReflex,2D 22 D1 C4 54 FC 4F C0
GK_Positioning_BallReadAheadDistance_PointGraph,03 A7 66 0A 91 DA 31 5C
GK_Positioning_BallReadAheadImperceptibleRange_PointGraph,82 6C 65 ED 96 9C 05 F0
GK_Positioning_MaxModifyDistance_PointGraph,BA BB 88 FE 05 B2 F1 5C
GK_Positioning_MaxModifyDistanceProb_PointGraph,2E B7 46 27 73 F1 F0 E6
GK_Positioning_NearPostBias_BallAngle,4B BD 9F 63 01 AC E7 71
GK_Positioning_NearPostBias_GoalAngle,12 85 BA 42 1E 58 D4 9E
GK_Positioning_ReadCrossTrajectoryTime_PointGraph,A8 C3 6B CC 2B F1 EA 86
GK_PreSave_FarPostPositionProb_PointGraph,1F C0 3B 28 90 20 C8 E0
GK_Punch_OneHandedSpeedThreshold,9D E9 DD 62 4F 3B 92 9D
GK_Reflex_StripReactionTime_PointGraph,C7 9C 55 45 B3 4A E4 2D
GK_Reflex_TimeToReadBallFromShot_PointGraph,5D 07 63 65 85 A6 71 A9
GK_Reflex_TimeToReadBallFromUnexpectedTouch_PointGraph,92 C3 75 E4 49 97 37 F8
GK_ReflexCatch_Min_Time_For_Watching_Ball,F3 81 98 37 BF 36 51 D5
GK_Read_Trajectory_Distance_Factor,E6 91 B2 C5 71 9F F3 FD
EE2_Choreo_EmotionScoreThreshold_RedCardOpponent,DC 6D 79 7E 82 F2 BC BC
EE2_Choreo_EmotionScoreThreshold_RedCardTeam,C0 DB 46 95 88 2C 2F 32
EE2_Choreo_EmotionScoreWeight_RedCard,BE 83 A6 85 5E 0D 11 CC
EVAL_BreakawayMaxAngleInDegrees,39 1F 97 57 7A F7 79 6E
EVAL_BreakawayMaxDistanceInYards,C6 C7 C3 22 97 A7 7B D3
EVAL_BreakawayMinAngleInDegrees,2C 78 26 2A A8 4E C8 84
EVAL_BreakawayMinDistanceInYards,CD F8 EC 4C 15 35 3A 8E
EVAL_BreakawayRadiusBehindInYards,21 A2 F8 CA 39 F0 05 CA
EVAL_BreakawayRadiusInYards,73 9D 5E 4D 39 14 4E C0
EVAL_CrossWastedRadiusInYards,7C 4D AC 18 6A 80 A9 57
EVAL_DribbleLongRunDistance,4E 25 DD D6 7A 27 1A 8B
EVAL_DribbleMaxDistanceToBeConsideredForBeating,BB F3 E1 55 34 FA EE 57
EVAL_DribbleMinAngleToBeConsideredATurn,ED 9E 77 1C 4A 3D 41 52
EVAL_KeeperOutOfPositionAngle,71 04 89 00 1C 45 C6 DB
EVAL_MinKeeperTooFarDistanceInYards,B9 12 1F A3 30 8E 7E 95
EVAL_NumSecondsForAfterACorner,D8 A6 34 FA 77 21 79 44
EVAL_NumSecondsForAfterACross,88 16 59 E8 04 53 AE 68
EVAL_NumSecondsForAfterAFreekick,41 3D 1B A1 61 35 45 48
EVAL_NumSecondsForAfterAGiveaway,59 EB 7D 51 15 07 39 FD
EVAL_NumSecondsForAfterASkillMove,07 82 23 EC 00 7E 38 12
EVAL_NumSecondsForOtherRecentlySaved,BF 67 8F C1 0E 7D DC A4
EVAL_NumSecondsForOtherRecentlyScored,5D 75 C1 C6 5E FB 8C 62
EVAL_NumSecondsForScoringAfterBeatingPlayers,61 EF 09 87 70 BA B9 42
EVAL_PassForwardSpaceMaxAngle,6D 97 4C 79 44 3E 36 A0
EVAL_PassForwardSpaceMaxDistanceYards,D7 99 9A 08 32 DC 05 E3
EVAL_PassMaxSpeed,86 9E 48 CC F3 3B 12 A2
EVAL_PassNumNeededForStringOfPasses,74 8E 1F D5 2B EC 4C 8F
EVAL_PassScoreNeedForGoodPass,4B EC 87 78 C9 7B 5C 16
EVAL_PassUnderMinPressure,CA DD CD 54 92 4E 53 62
EVAL_PassUnmarkedRadiusInYards,8D 4B C6 DE B7 4F 5C 96
EVAL_PlayerIsFatigued,06 F1 34 2A 28 23 C7 12
EVAL_PressureMaxDistVsComposure,FF A3 DB BA E3 8C 2C 9A
EVAL_ShotCloseToPost,D4 35 24 C1 02 22 94 BE
EVAL_ShotDistanceClose,CF 92 97 B9 D9 24 E5 72
EVAL_ShotDistanceFarOut,2A 0D 6C 75 66 D7 2C 04
EVAL_ShotMaxSpeed,0B 16 04 A1 D0 9E E0 06
EVAL_ShotMissedClose,F7 1E B3 15 08 C6 07 B5
EVAL_ShotMissedExtremelyClose,D0 F7 5F 01 7A 26 3D F0
EVAL_ShotMissedExtremelyFar,90 8B 61 02 D8 40 58 73
EVAL_ShotMissedFar,47 BF 50 D9 54 2B 22 6C
EVAL_ShotMissedFar_Penalty,1E BA 36 E7 3A B4 6A 5A
EVAL_ShotPowerStrong,0E 53 53 48 B5 FB 5F 84
EVAL_ShotPowerWeak,82 15 BC 33 18 41 AF 9A
EVAL_SupportMarginInYards,C7 F4 94 42 D9 CE CE 4C
EVAL_SupportMaxOpponentsAgainst,B1 41 73 BE ED DD BB B5
EVAL_SupportMiddleMarginInYards,1B EE DD 8B 37 9F 11 A0
EVAL_TackleEndedADribbleDistance,13 FC 88 E2 29 B0 17 50
EVAL_UpfieldPassMinDistanceYards,D3 4D 91 94 F8 A2 26 03
EVAL_xPercentIncreaseForLobUpPitch,3C 6D 96 CC 5A EB AA 49
EVAL_xPercentIncreaseToBeHeadedOn,1D 4F 28 EB C1 0E B8 3F
EVAL_zPercentForCentreOfPitch,E5 27 0C CE 2F 76 61 54
EVAL_zPercentForWideOnPitch,4D 11 82 2E 33 F9 CE F9
Jockey_PadEffectJockeyModifyDistance,54 FA 71 9A 6E DF 5E 14
Tackle_AggressionSkillDifference,B0 6E AB 3B AD F1 16 C4
Tackle_AggressionThreshold,48 D7 AD 2E 24 AF EB 30
Tackle_BallOutAngleRange_Best,D1 5B A0 A9 8D 40 79 B8
Tackle_BallOutAngleRange_Worst,C5 5D B8 A7 58 36 E6 05
Tackle_BallOutDragBackMinSpeed,3B 8C 88 06 B1 F0 02 6B
Tackle_BallOutPitchRange_Best,D9 56 E2 98 AA AC 8C 56
Tackle_BallOutPitchRange_Worst,29 A9 F3 57 45 CA 99 9F
Tackle_BallOutSlideSpeedMin,DE F6 0D BC 04 A5 F9 4E
Tackle_BallOutSlideSpeedMin_Possession,88 5D 35 2F F2 F5 91 27
Tackle_BallOutSpeedMax,B3 3B F5 37 A5 76 FA E4
Tackle_BallOutSpeedMin,C0 53 5B 06 F4 76 49 A2
Tackle_BallOutSpeedMultiplier,39 BF 75 3C E8 1C 39 74
Tackle_BallOutSpeedRange_Best,39 BF D0 9B 61 62 DA 59
Tackle_BallOutSpeedRange_Worst,50 16 1A CE 67 E4 35 73
Tackle_BallOutTendToIdealAngle_Best,35 1F A1 C8 A5 5D 9B C7
Tackle_BallOutTendToIdealAngle_Worst,1F 0E F8 CD 3F 8D A8 65
Tackle_BallOutTowardsTeammate_MaxAngle,5F B7 0A 56 ED F8 55 F6
Tackle_BallOutTowardsTeammate_MaxDistance,45 1D 75 F2 44 36 BA C9
Tackle_BallOutTowardsTeammate_MinAttribute,D5 6A 78 5A 3C 1E 05 C1
Tackle_BallOutTowardsTeammate_MinDistance,98 30 89 E2 C6 F0 4C 27
Tackle_BallOutTowardsTeammate_Speed,F6 A9 01 07 17 6A 47 95
Tackle_ChaseVelocity,CE 3D 3D A4 75 41 31 7F
Tackle_ChasingAngle,5A 29 12 EC CB 80 5C 5E
Tackle_DragBackMaxXZBallVel,67 61 05 FA 4C 69 F8 B4
Tackle_JogTackleSpeed_Slide,33 FB 6C 39 42 41 BD D6
Tackle_ManualAssistance_BallDirection_Modifier,F9 AD 2E 52 F0 DA 22 7B
Tackle_ManualAssistance_EffortThreshold,63 F0 4E D5 0B EE 6B CE
Tackle_ManualAssistance_Time,DD 69 B2 26 0B E6 80 31
Tackle_PossessionMaxRelVelVSBall,49 86 CE A2 A2 A4 AD 90
Tackle_PossessionMaxTimeDifference,98 1E 70 7A AE 24 8C C7
Tackle_PossessionSlidingMaxRelVelVSBall,68 2F 94 BB 8F 04 18 EF
Tackle_PossessionSlidingMaxTimeDifference,DD D3 F8 A1 36 8E 5C 62
Tackle_Range_SkillRemap,1F 6F 1B 9C A5 E5 7D 03
Tackle_RangeAuto_0Skill_0Speed,F6 95 27 22 55 5F 4F D1
Tackle_RangeAuto_0Skill_JogSpeed,30 30 6D 1A ED 5A A8 DA
Tackle_RangeAuto_0Skill_SprintSpeed,13 E2 52 4A 92 9E BD C8
Tackle_RangeAuto_100Skill_0Speed,78 85 3D 46 C8 6A 6D D3
Tackle_RangeAuto_100Skill_JogSpeed,3C 6A 73 D3 C9 DE 72 58
Tackle_RangeAuto_100Skill_SprintSpeed,17 C1 9C 3D F4 01 E7 BA
Tackle_RangeManual_0Skill_0Speed,C6 B6 AC 31 67 CE 78 87
Tackle_RangeManual_0Skill_JogSpeed,59 47 8D 72 3F 80 E9 44
Tackle_RangeManual_0Skill_SprintSpeed,3A 5E 46 18 0F 06 6C 31
Tackle_RangeManual_100Skill_0Speed,39 A0 8F C4 93 6C E3 DD
Tackle_RangeManual_100Skill_JogSpeed,76 01 D1 F2 41 A8 80 1E
Tackle_RangeManual_100Skill_SprintSpeed,3F 97 DD 23 66 79 8B CB
Tackle_SkillMoveDurationFeint_Modifier,DE 68 2F 2E CF F2 F3 57
Tackle_SlideChaseAngle,E1 2C 47 66 54 F7 7E B7
Tackle_SlideTackleBonusRotation,69 42 34 BE C3 9D 5C B0
Tackle_SlideTackleChaseDistanceMin,B7 F1 D0 F4 D8 D2 32 E5
Tackle_SlideTackleInAccuracyMultiplier,61 8C 8F 68 62 0F 35 F5
Tackle_SlideTackleMaxCoverageModifier,B8 19 5A B8 DA 7B B7 C8
Tackle_SprintTackleMaxDistance_Best,B9 CB 64 6D 3A A9 FC 0D
Tackle_SprintTackleMaxDistance_Worst,3F 0C 46 CF 8E 34 8F 72
Tackle_StandingStunFail_SpeedFactor_Best,F2 AE B5 BE 45 3B 37 FF
Tackle_StandingStunFail_SpeedFactor_Worst,55 82 44 44 5A 32 7F 0D
Tackle_StandingStunFail_Time_Best,3F A9 CD 41 D9 75 70 36
Tackle_StandingStunFail_Time_Worst,08 19 AD 95 56 E8 8C D5
Tackle_StandingStunSuccess_SpeedFactor_Best,70 3A 30 B0 99 41 06 8B
Tackle_StandingStunSuccess_SpeedFactor_Worst,CF 94 9E CB B4 D7 F8 31
Tackle_StandingStunSuccess_Time_Best,88 8D 45 24 C7 FE 34 F4
Tackle_StandingStunSuccess_Time_Worst,24 27 2A 30 B8 BE 36 B1
Tackle_StandTackleCloseMissRange,79 6C BD 55 C6 2F DE 17
Tackle_StandTackleMaxDistance_Best,3A 41 93 48 AE CE B3 19
Tackle_StandTackleMaxDistance_Worst,78 B3 6D 9E B8 92 82 03
Tackle_StrafeDistanceOffset,1D 17 4E 8A B1 36 00 A2
CrossReceiverDistFromPKSpot,9B 5F F7 BA 6A 88 FD A2
DribbleTTDistToTargetWeight,A8 91 87 57 C8 FB 18 4E
FinesseShotProbability,8F 65 D5 DA B3 9B 49 06
GroundPassDecisionDistToTargetMod,62 BB A7 2B E8 43 9C 39
GroundPassDecisionDribbleMinSpace,E5 C0 82 9F BB 9F FD DD
GroundPassDecisionMinCourseSafety,97 2A B3 0D FA 8A 74 6F
GroundPassDecisionSpaceRatingMod,5A 96 C1 AD 87 33 2A 52
OneTimePassProbabilityMod,9C C3 DB 11 72 6F 0A 1A
SlideTackleProbability,D5 B2 D0 D3 30 C8 2A 37
ThroughPassMod,87 7B 19 B6 79 72 94 9F
TraitDivesTacklesSlideTackleProbability,F6 C2 F8 1D DE D4 15 55
TraitEarlyCrosserCrossReceiverDistFromPKSpot,81 48 ED 7E D5 97 25 5D
TraitFinesseShotProbability,20 35 40 8E DF 3E 46 BF
TraitLateCrosserCrossReceiverDistFromPKSpot,67 2E C2 12 8B 79 04 44
TraitLongPasserMinRatingMod,EE 97 D4 CE B8 09 B4 CE
TraitLongPasserMinSpaceMod,9A 60 B2 E7 B1 A9 BE AA
TraitLongShotTakerMaxShotFreedomWeight,E3 4B FC F6 91 12 C8 EB
TraitOneTimePasserGroundPassDecisionDistToTargetMod,5D 2B 94 84 A1 16 F1 BF
TraitOneTimePasserGroundPassDecisionDribbleMinSpace,8D 70 7D BC 01 1B 51 6A
TraitOneTimePasserGroundPassDecisionMinCourseSafety,88 77 99 56 38 42 A4 06
TraitOneTimePasserGroundPassDecisionSpaceRatingMod,55 DF 3F E3 97 45 96 55
TraitPlayMakerGroundPassDecisionDistToTargetMod,05 2B 22 44 74 14 25 15
TraitPlayMakerGroundPassDecisionDribbleMinSpace,A4 91 3A 42 E6 35 6E A6
TraitPlayMakerGroundPassDecisionMinCourseSafety,0D 28 55 D4 8D 51 04 0C
TraitPlayMakerGroundPassDecisionSpaceRatingMod,25 69 BC D3 21 5C C7 75
TraitPlayMakerPassMod,04 9B 4E 4B E1 09 2F A6
TraitSelfishGroundPassDecisionDistToTargetMod,9B 2F 44 54 22 24 85 7F
TraitSelfishGroundPassDecisionDribbleMinSpace,07 26 AF F1 47 9A EF 56
TraitSelfishGroundPassDecisionMinCourseSafety,98 87 39 D5 E3 4A DC F3
TraitSelfishGroundPassDecisionSpaceRatingMod,E3 4C C1 7E 9C A1 1E 5B
TraitSpeedDribblerSprintSafetyForStart,BD B7 D8 2E 15 40 92 89
TraitSpeedDribblerSprintSafetyForStop,8C 10 1F F9 4D 40 73 11
TraitSwitchFlankMinRatingMod,DF 22 AF A3 D9 16 80 9A
TraitSwitchFlankMinSpaceMod,CD A9 BB C8 E5 EE A2 84
TraitThroughPasserThroughPassMod,A4 3A 53 18 74 37 C0 98
CPUAI_MarkerPushPullChanceByDiffiuculty,E1 16 9B 3B 34 F6 46 07
CPUAI_MarkerReactionAmount_BallDirectionChange,6B 1D 04 BD 3F C2 88 01
CPUAI_MarkerReactionAmount_BallDirectionChangeSpeedModifier,36 70 F5 24 30 78 F6 36
CPUAI_MarkerReactionAmount_BallSpeedChange,BE 9E 09 09 CE 85 18 6B
CPUAI_MarkerReactionMaxBestDefenderTackling,7F 9E 92 77 88 2A 8C 8B
CPUAI_MarkerReactionMaxWorstDefenderTackling,6A FF 1F E8 52 01 7A 0C
CPUAI_MarkerReactionMaxBestDefender,37 6E 7B 5B 8C 7A C8 C3
CPUAI_MarkerReactionMaxWorstDefender,08 F2 1E 95 63 CB 09 16
CPUAI_MarkerReactionMinBestDefender,9E 36 AF B6 D8 65 42 8A
CPUAI_MarkerReactionMinMarkingAttribForPrediction,DA 14 CD 9F E5 7A 44 11
CPUAI_MarkerReactionMinWorstDefender,A4 1C 8D A4 A7 2A 0C C1
CPUAI_MarkerReactionTime_MaxDifficulty,E9 F4 C0 6D A4 32 1A D8
CPUAI_MarkerReactionTime_MinDifficulty,FC AC B6 EA D0 12 59 72
CPUAI_MarkerReactionTimeDifficultyTable,32 03 4F 52 53 D3 06 0D
CPUAI_TeamPressGeneral,AB 2D E2 EE 5C 48 90 CF
CPUAI_TeamPressLosing,30 C7 DB 0F A6 57 01 5D
CPUAI_TeamPressLosingGoals,E5 2E 38 23 5D 42 DE 3F
CPUAI_TeamPressLosingTime,E9 53 1D 5E 65 6F 5F 9C
MarkingContainDistance,FE 6C F4 4C 5A A6 B0 1D
MarkingContainGoalPosFacingIn,B2 E6 ED 9F 8E 01 53 7B
MarkingContainGoalPosFacingOut,AB F5 6C 26 69 AE F0 DE
CPUAI_WallChargeProbability_MoreThanOneFKTaker,FC 07 48 86 F0 75 1A 4F
CPUAI_WallChargeProbability_OneFKTaker,D0 97 02 A4 78 DF 77 85
CPUAI_WallJumpProbability_MoreThanOneFKTaker,01 75 78 C6 15 A0 83 04
CPUAI_WallJumpProbability_OneFKTaker,69 1A 15 06 38 E6 3F F2
BlockForceMinDistanceFromOpponent,E2 90 22 2A AA EC C7 3B
BlockHighDerterminationAggressionThreshold,25 29 39 17 40 BB 18 56
BlockHighDerterminationAgilityThreshold,00 D8 40 7B 3A F9 0D 20
BlockMaxAnglePlayerFacingToBall,CF 49 55 C8 3E 52 6D 8B
BlockMaxDistance,42 5B 1B 83 23 CA 96 13
BlockMaxHeight,B7 2B CE 13 88 9D 08 11
BlockNumFramesToContact,FF D3 76 3F 08 B3 96 1D
InterceptCostFactorAngle,4A 75 F5 D9 3C 2A D1 69
InterceptCostFactorHeight,07 B5 64 63 86 25 8C 89
InterceptCostFactorTime,CB F5 5A 0C 6C 1B 3E C3
InterceptCostFactorXZ,5C F3 90 F7 D4 AD E9 87
InterceptJogSpeed,87 C0 A6 82 0E 3F D2 6D
InterceptMinStrafeSpeed,8C DC 97 26 6B CE 0A C5
InterceptRunSpeed,DA 7A 51 84 93 C4 F3 FB
playerSpeedWhileReadingTrajectoryForBestPlayer,CF A6 81 5E 81 C5 00 38
playerSpeedWhileReadingTrajectoryForWorstPlayer,07 51 F6 23 6D 7D AD 4D
playerSpeedWhileReadingTrajectoryWeight,63 E5 21 30 7B 5C 4B 69
readingTimeForBestPlayer,DA 59 0E 88 79 5E BB 27
readingTimeForWorstPlayer,1E 62 14 D4 62 61 8F 8F
readingTimeWeightByAttribute,4E BA 7E ED 3C 23 0C AB
touchTimeToFinishReadingTrajectory,DD C9 39 83 B8 9A 36 16
ENDOFHALF_BigGoalDifference,FE 9D 9F A8 2E B6 40 13
ENDOFHALF_FoulTimeoutInSec,A5 36 E3 39 A3 BB 3B 5C
ENDOFHALF_KeeperBallDistanceInYards,E7 1C 9F 26 21 A2 99 4B
ENDOFHALF_TimeoutAttackingInSec,02 21 CF 0A A7 1E 3E F8
ENDOFHALF_TimeoutAttackingMaxInSec,06 4B F9 63 F9 B7 A6 60
ENDOFHALF_TimeoutDefensiveInSec,39 03 0B 66 D0 1A C0 CE
ENDOFHALF_TimeoutMidfieldInSec,A2 E5 A6 F5 BA 23 29 64
ENDOFHALF_ZoneBoundaryDefensiveMidfield,2C 36 7D 17 BE 40 B3 6A
ENDOFHALF_ZoneBoundaryMidfieldAttacking,4A E1 74 E7 90 34 86 61
markingSpeedModifierByAttackerThreat,C8 6C 53 4D 6E EB E1 A9
markingSpeedModifierByBallDist,56 FD 48 B6 15 CD 6A D8
markingSpeedModifierByWorkRates,08 02 6B A4 4F 3E 88 BE
defensiveLineHeightUniversalModifier,0C 8F CC C3 04 53 04 AC
defensiveLinePosWeightMappingTable,F7 72 A1 36 73 A3 89 67
defensiveLinePosWeightWhileRetreating,F0 AB EB EF BB 27 7F 4B
defesiveLinePosWeightWhileAdvancing,95 27 FA C5 CF 3C 9B 9F
defensiveLineHeightModifierByAverageAttackerPos,D6 43 47 4C 43 10 31 03
defensiveLineHeightModifierByFirstAttackerPos,6C 78 39 BD 3C 68 BB 8B
defensiveLineHeightModifierByPossessorPos,5D BF F0 98 D6 76 A4 F4
referee_strictness_card_wall_lenient,6C B0 DA 26 B0 53 F1 80
referee_strictness_card_wall_normal,13 97 46 25 74 82 02 D9
referee_strictness_card_wall_strict,60 0D 40 A8 9A 0B A5 4F
referee_strictness_foul,3A 41 09 0A E9 B9 F4 5E
referee_strictness_foul_intensity,A2 1E B3 1B 8F DE F7 93
referee_strictness_hard_challenge_intensity,F5 34 5B 29 66 86 BC 84
referee_strictness_no_ball_intensity,B0 0D A2 ED 7C 1D FD 38
referee_strictness_not_delayed_intensity,3D A7 BD A8 EA 5E 2D 1E
referee_strictness_obstruction_multiplier,16 54 8C 19 CA 54 58 B8
referee_strictness_persistent_intensity,5C 00 C3 5F 20 CD 71 FA
referee_strictness_push_wall_lenient,CE 3D 0E 9E 07 A7 DF 79
referee_strictness_push_wall_normal,75 AB 49 54 D8 56 41 A4
referee_strictness_push_wall_strict,3A DF EB 2C 73 BF 8E E6
referee_strictness_red_card,56 B1 C5 28 BF 69 43 B5
referee_strictness_warned_intensity,AC 4C 87 44 A3 E1 88 6F
referee_strictness_warning,E1 3E BB D9 35 EE BA 2F
referee_strictness_yellow_card,6D E4 BE AA 22 2B 52 56
maxDistFromFormationPosXForHighPressureTactic,6D 2B 16 CC 70 EC 99 9F
maxDistFromFormationPosXForLowPressureTactic,9B FB FF B3 6F D1 2E CF
maxDistFromFormationPosZForHighPressureTactic,43 32 FF 7A 0B 3B CE 74
maxDistFromFormationPosZForLowPressureTactic,35 FC CB 8D 2C 63 E7 01
tacticsMappingTableForMaxDistFromFormationPos,E9 4F EB 68 AF 45 BB 2D
defensiveLineLength,F1 6A 4C 66 BB 5A C0 62
goalKickAttackingLineLength,69 6A A0 8B E9 D9 CC 98
goalKickAttackingLinePos,0C 87 0B EF 80 87 61 58
goalKickAttackingLineWidth,0C 36 13 31 AD D6 4E 95
goalKickDefensiveLinePos,10 0D FE 71 83 84 FE B8
goalKickDefensiveLineWidth,0C 0E 42 5C 29 6E C7 32
lineLengthModifier,0E BE 1C 90 A0 A8 C3 78
lineWidthModifier,B9 4D A4 57 D5 7B EC 75
ALPHA_DISTANCE_BETWEEN_FINAL_AND_CURPOSITION_GOALKICK,AD 83 84 84 B3 64 EC 74
EMERGENCY_SPRINT_DISTANCE_GOALKICK,BF 8D 5C 38 77 6F 0B 68
EXTRA_TRANSITION_POSITION_GOALKICK,59 DD 6F 05 0B F5 18 BA
MAXIMUM_SPRINT_DISTANCE_GOALKICK,42 F2 3B 31 D6 54 12 BE
MINIMUM_SPRINT_DISTANCE_GOALKICK,5D 30 FF CE DE 70 0D 9C
DEGREES_FOR_LAYOFFPLAYER_AIM,37 F8 EE 94 D5 B0 37 29
DISTANCE_FROM_BALL,8E BC 07 C3 5C AA 05 89
DISTANCE_FROM_WALLPLAYER_TO_PASSTARGET,76 9C E9 D8 77 5F A0 7D
LAYOFF_CHIP_MAX_HEIGHT,FB ED C3 F9 0C 09 E3 3C
LAYOFF_CHIP_SPIN,84 13 5F 47 D2 3D 76 C5
LAYOFF_CHIP_TARGET_HEIGHT,E1 F2 B1 19 8E 35 17 A3
PASSING_DISTANCE_RANGE_BY_POWER_LAYOFF,A6 FF E0 18 A2 62 55 FA
PASSING_TARGET_POSITION_OF_BALL_LAYOFF,DD 61 E2 A3 34 E4 31 F6
TARGETPOSITION_ALPHA,DC BA 42 90 F1 37 25 31
THIRD_PLAYER_POSITION_ALPHA,D2 8C 2A 62 D9 C7 7B 75
YAW_SPIN_FOR_LAYOFFPLAYER,AE 32 40 01 52 B5 0F E2
handBallActionStateHeaderPenaltyReduction,E2 B1 C3 6A A9 D5 D4 02
handBallActionStateKickPenaltyReduction,F7 57 BC 2F E9 C1 FE 65
handBallActionStateSlideTacklePenaltyReduction,62 96 A8 80 96 D0 73 73
handBallActionStateTrappingPenaltyReduction,1E 44 4E 4A AE 9A AA E1
handBallArmStretchPenalty,FA 68 1D B2 27 B2 8E 7A
handBallImpactPenalty,6B 0C 82 03 56 01 CF 9C
handBallRefereeThreshold,4B 0A 22 3F FB 5F 05 F6
handBallRefereeThresholdInsideBox,3A C9 15 74 F6 DD A2 28
handBallTimeElapsePenalty,EC 86 55 C2 F5 B9 B1 BF
handBallTouchDistFromHandPenalty,73 4B CC 4E 6B DA 1A 44
handBallUpperArmPenalty,CD 30 EF 10 D1 E7 5C FE
fullPassingLaneAnalysisTime,9C C5 F1 77 84 36 1E AD
fullPassingLaneAnalysisTimeWhileNotLooking,EB DA 87 D6 27 D1 7A 10
playerSpeedAdjustByPassingLaneMissJudgement,22 DB F2 76 5B 02 07 EF
passingLaneClearanceForRuns,A0 D9 A4 C4 55 FD FE BD
passingLaneClearanceForSupports,03 F3 D3 85 0A 54 02 FD
SETPLAY_FK_BAPDefenderMoveUpPos,24 37 CE 36 D1 A6 30 77
SETPLAY_FK_BAPRemoveFromWallChance,83 F3 5C 90 8D 05 52 A0
SETPLAY_FK_DistanceFromGoallineFudgeFKPosition,DE C0 C6 E7 03 C4 F3 DF
SETPLAY_FK_DistanceFromSidelineFudgeFKPosition,54 49 3B 56 03 40 9D 64
SETPLAY_FK_DistanceFromSidelineUseDefaultAnimation,F4 54 E1 02 5B 78 B0 86
SETPLAY_FK_ErrorShotModifier,84 89 AA AF 09 85 9D C7
SETPLAY_FK_ErrorShotModifier_CloseRange_FKSpecialistCpu,79 B0 81 EA 7A 26 69 7E
SETPLAY_FK_ErrorShotModifier_FarRange_FKSpecialistCpu,A7 1A 6C 16 BF 67 E2 F2
SETPLAY_FK_FinesseShotAttributeModifier,F0 8D 2C 88 09 EB 89 EF
SETPLAY_FK_FinesseShotElevationAngle,F2 1C AD 2B 41 03 03 64
SETPLAY_FK_FinesseShotSpeed,BB CC 2F C7 07 79 F7 99
SETPLAY_FK_FinesseShotSpinDefaultMagnitude,F9 44 07 8B 55 74 B6 B6
SETPLAY_FK_FinesseShotSpinMaxMagnitude,64 5D 03 A9 AD 01 41 6B
SETPLAY_FK_FinesseShotSpinMaxMagnitudeCPU,22 1A 7E 8D 75 69 E8 55
SETPLAY_FK_FinesseShotSpinMinMagnitude,63 BF 56 FA 43 58 4E A1
SETPLAY_FK_FinesseShotSpinMinMagnitudeCPU,6F 76 B8 07 97 21 24 3B
SETPLAY_FK_GoalKickSpinDefaultMagnitude,26 F9 45 D8 3E 0F 77 E6
SETPLAY_FK_GoalKickSpinMaxMagnitude,55 FB 0B 57 9C 3E 6F 9B
SETPLAY_FK_GoalKickSpinMinMagnitude,F8 63 42 C7 AD B1 62 9C
SETPLAY_FK_GoalKickTravelTime,F2 D5 2A 9F 73 AD 60 09
SETPLAY_FK_LobSpinDefaultMagnitude,19 92 F9 11 8B 75 16 9A
SETPLAY_FK_LobSpinMaxMagnitude,83 2A 36 BA 92 79 68 38
SETPLAY_FK_LobSpinMinMagnitude,86 26 28 60 A8 AE C9 9C
SETPLAY_FK_LobTravelTime,91 D6 3C FB 9D 46 74 28
SETPLAY_FK_MaxNumBAPPlayersRemovedFromWall,81 E1 B9 44 7C 14 42 BE
SETPLAY_FK_PowerShotAttributeModifier,5E 92 5A 1D 32 C3 F2 29
SETPLAY_FK_PowerShotElevationAngle,D6 73 90 58 5E B2 28 C8
SETPLAY_FK_PowerShotSpeed,0B E9 F1 C0 AB 73 58 D6
SETPLAY_FK_PowerShotSpinDefaultMagnitude,47 56 EA 77 CF 89 A7 FD
SETPLAY_FK_PowerShotSpinMaxMagnitude,DD 3B 5A DE A2 71 F1 ED
SETPLAY_FK_PowerShotSpinMaxMagnitudeCPU,05 E0 3B C5 A8 48 B8 2B
SETPLAY_FK_PowerShotSpinMinMagnitude,B3 2E FB 56 97 A1 65 2A
SETPLAY_FK_PowerShotSpinMinMagnitudeCPU,6F 53 F3 34 92 B7 A8 93
SETPLAY_PK_AddSpinMagnitudeForMiss,61 16 D1 D3 00 C3 84 08
SETPLAY_PK_AI_Chip,BC 40 23 F1 C1 43 63 21
SETPLAY_PK_AI_ChipBonus,6F 96 E5 91 52 39 2D 20
SETPLAY_PK_AI_ChipPower,65 5A 6C 1E 91 7E AA 95
SETPLAY_PK_AI_Laces,A8 93 86 03 62 24 28 BB
SETPLAY_PK_AI_Stutter,11 02 80 A6 69 57 69 9B
SETPLAY_PK_AI_StutterBonus,EB CC 01 A0 B2 41 1D 68
SETPLAY_PK_ComposureSweetSpotSize,CA C9 FB E1 18 FE F7 B1
SETPLAY_PK_ErrorChipBonus,8C B3 8A 4B 54 69 A8 80
SETPLAY_PK_ErrorChipTiming,AF F9 4A 7A 53 A5 BE 3E
SETPLAY_PK_ErrorChipZoneSize,4D D8 D2 03 0D 4E E9 7B
SETPLAY_PK_ErrorComposure,3F DB BB 62 7F F3 E5 CC
SETPLAY_PK_ErrorNonChip,FF 73 3F 5A E5 76 53 B4
SETPLAY_PK_ErrorPowerBar,21 0C 64 0C EF 7F CB 39
SETPLAY_PK_ErrorPowerBarChip,9B FE 60 9E 9E D1 51 6F
SETPLAY_PK_ErrorPowerBarFinesse,99 44 B1 1F 7B 5E A8 45
SETPLAY_PK_ErrorPowerBarNormal,B4 F7 5D 48 7A CD 8B E7
SETPLAY_PK_ErrorRate,F1 2F 7B A1 7D 59 D0 E9
SETPLAY_PK_ErrorSizeHeight,61 A6 0A A8 96 C8 17 08
SETPLAY_PK_ErrorSizeWidth,98 08 1F 7D B1 65 AA CA
SETPLAY_PK_ErrorStutter,C7 F8 D5 A2 B1 53 59 42
SETPLAY_PK_ErrorStutterBonus,8A 55 ED 22 B7 FC D9 14
SETPLAY_PK_ErrorZone1Probability,03 E4 B5 96 C2 2C 8B 75
SETPLAY_PK_ErrorZone2Probability,32 45 E7 19 39 FF 19 92
SETPLAY_PK_ErrorZoneQuadrantProbability,4C 25 D3 49 01 1A 66 35
SETPLAY_PK_ErrorZoneSize,B8 53 4C 5E 63 CD 61 22
SETPLAY_PK_ShotSpeed,29 EA E5 7F 3A FF C1 03
SETPLAY_PK_SpinAxis,1A 65 B3 22 32 3F AA 53
SETPLAY_PK_SpinMagnitude,A1 24 EE 6C AD 60 88 77
SETPLAY_PK_SweetZoneSize,C6 94 01 5C DF CE 31 D8
SETPLAY_TH_Acceleration,0C 47 45 EC 50 18 B8 D6
SETPLAY_TH_Max_Rotate,18 93 25 AC 01 1C E0 B7
SETPLAY_TH_Rotate_Speed,4B BB FD 79 36 D9 E2 F5
DEGREES_FOR_SHORTCORNERKICK,70 67 AD 35 A9 D9 B5 79
DISTANCE_TARGET_POSITION_SHORTCORNERKICK,1A 8A 65 47 A1 96 DD 4D
LIMIT_DISTANCE_SHORTCORNERKICK,70 8E 0E 68 D6 E7 1A 40
FOUL_AvailableBetweenTicks,89 7D 73 D9 8B A7 78 53
Foul_BallContact_MaxAngleDiffFromIdealTraj,D4 99 9A F4 A7 3D 2C 2B
Foul_BallContact_MaxReduceRateByIdealTraj,E0 B9 F9 EC 0F C8 D5 E6
Foul_BallContact_MinAngleDiffFromIdealTraj,7E CF 73 C2 C1 58 74 64
Foul_BallContact_MinReduceRateByIdealTraj,D9 97 C5 3C 00 FD 0A BF
Foul_BargeTackle_AngleDiffAvgFaceAvgMove,9F 2D A7 E7 2A 19 7C 07
Foul_BargeTackle_AngleDiffTargetAvgMove,02 B0 EE 96 6B 12 62 D9
Foul_BargeTackle_DistanceAtMaxAngleDiff,59 81 B7 8C 2D 39 77 25
Foul_BargeTackle_DistanceAtMinAngleDiff,CA 21 6F DD 6E CC 38 A1
Foul_BargeTackle_DurationAfterPotentialTackleFound,C4 05 6D 0F B5 48 E0 EA
Foul_BargeTackle_MaxAngleDiffAvgFaceAvgMove,6D 6D 83 7E 80 1E BD E9
Foul_BargeTackle_MaxAngleDiffTargetAvgMove,38 6D 13 24 90 9F 05 C2
Foul_BargeTackle_MovementStateHistoryMaxFrames,47 86 9A 74 5A 5C 33 00
Foul_BargeTackle_MovementStateHistoryMinFrames,78 55 AC 7B F3 C0 D6 F4
FOUL_CollisionMinForceBallTouchCancelled,40 C7 D9 1B F2 8D 8E 55
FOUL_CollisionMinForceBallTouchDangerousKick,4D F4 65 AD 62 08 59 CB
FOUL_CollisionMinForceDefault,A3 D3 AE C2 15 B3 40 4F
FOUL_CollisionMinForceGetupAfterSlideTackle,F9 A5 01 33 25 57 54 8A
Foul_HookTackle_MaxAngleForFailDetection,EA 7A 52 94 75 95 09 7A
Foul_HookTackle_MaxAngleForSafeDetection,1A DB 17 7A 9C B2 EB 6A
Foul_HookTackle_MaxDiffTicksBetweenBallContactAndPlayerContact,F9 89 E1 5F 9C 4B ED D0
Foul_HookTackle_MinAngleForSafeDetection,D3 A6 16 F0 FC 41 1A 90
Foul_PlayerContactScore_Remapping,B6 21 26 90 41 6A DC 70
Foul_StaleTackle_BaseCheckDistance,2C 35 51 D3 DF E4 BD A3
Foul_StaleTackle_PassMaxAngle,A3 6C 44 35 23 B0 6A 20
Foul_StaleTackle_PassMaxAngleRate,45 97 95 68 AB A1 F5 36
Foul_StaleTackle_PassMaxLength,82 4B 7E C8 1F 37 D7 B4
Foul_StaleTackle_PassMaxLengthRate,0F 1B A7 C2 40 E7 EF 4E
Foul_StaleTackle_PassMinAngle,4E 4E 17 91 91 E3 F3 D7
Foul_StaleTackle_PassMinAngleRate,89 39 6F 7A B5 B1 13 3F
Foul_StaleTackle_PassMinLength,7E E7 99 99 51 DB 53 82
Foul_StaleTackle_PassMinLengthRate,97 6A 16 3B 41 4C 81 90
Foul_staleTacklePassBallTicks,CE EB 79 F5 0F FC DD 66
Foul_TackleExtendTicksForOtherTackle,B6 28 CB 2F 9E 26 4F A3
Foul_TackleExtendTicksForSlide,42 8B 20 BC 48 35 1B 48
FOULADVANTAGE_CoverThreshold,91 77 7C C7 D0 2D 4C F2
FOULCARD_AttemptInjury,E3 2A 42 A3 41 50 2E F7
FOULCARD_AttemptTackle,63 92 06 E1 CB 24 83 52
FOULCARD_CollisionFall,3B B9 92 15 77 8B 5E 14
FOULCARD_CollisionInjury,50 B1 1C 56 EE 34 29 49
FOULCARD_DistanceToBall,A4 AC 93 27 63 5B 62 8F
FOULCARD_DistanceToBallPoint,89 29 8C 8A 95 11 37 06
FOULCARD_LastDefender,D4 BF DB 0A 43 75 03 6C
FOULCARD_NumPreviousFoulsMax,F7 80 E9 EC BD F1 0D 46
FOULCARD_NumPreviousFoulsPoint,47 F5 2E D0 A1 D3 02 A1
FOULCARD_RelationBehind,FF 83 1B A2 5D C7 EE CF
FOULCARD_RelationBehindAngle,19 87 0D D0 12 47 61 9D
FOULCARD_RelationForward,EC C8 3A 26 F4 99 FF DA
FOULCARD_RelationForwardAngle,82 DF 87 9C 63 82 7A 14
FOULCARD_RelationSide,5F 31 23 78 5A BC 27 EC
FOULCARD_RelationSideAngle,92 29 ED F6 29 03 A7 C4
FOULLIMITED_FoulPoint,6C 3C 77 D4 A3 55 60 4E
FOULLIMITED_RedPoint,A4 9A EA A4 A2 83 A9 EB
FOULLIMITED_YellowPoint,DD F5 1B 9D C1 21 34 07
FOULREFEREE_LenientRange,5F F5 A4 B3 0D 8C 38 D3
lobMinMaxAssistanceMaxZDist,C5 FD 52 D9 0F 16 76 CE
lobMinMaxAssistanceMinPeakHeight,4F 7D DF DC 6A 64 83 AF
lobMinMaxAssistanceMinPlayerEarliness,DF D0 20 60 B6 B2 5E E4
lobMinMaxAssistanceMinXDist,02 A1 F4 0F 10 2A B5 40
dribblerReactionEndCloesetTimeToBall,4F F6 86 48 9E DB DF 9C
dribblerReactionEndDistToClosestBallPos,DE E4 80 F1 41 FA 5B 5F
dribblerReactionModiferByPlayerAttribute,E8 24 59 8F FD B4 DB FE
dribblerReactionTimeSinceBallTouch,35 38 7E 7A 93 B3 52 76
dribblerReactionTimeSinceBallTouchNotToUsePadAngle,36 0C 9F 80 C8 15 77 8A
dribblerReactionWeightByAngle,7F BB B3 AC FA 86 90 AC
dribblerReactionWeightBySpeed,3A 61 7B A8 E8 8A D4 5E
maxRunPathBlockCenterOfPitchMaxWorkRate,C9 F9 F8 A1 90 1A 86 4E
maxRunPathBlockCenterOfPitchMinWorkRate,80 18 84 41 3D E6 7F EA
maxRunPathBlockSideOfPitchMaxWorkRate,F2 22 C8 0F 7E 7C 09 15
maxRunPathBlockSideOfPitchMinWorkRate,F6 77 AE 9C AE 68 0C E9
maxRunPathBlockWorkRateMappingCenterOfPitch,D5 65 7E 72 82 ED 10 37
maxRunPathBlockWorkRateMappingSideOfPitch,62 54 F3 58 8F BB F1 34
minScoreForWorkRate,16 B9 35 AD 42 93 F5 BB
supportSpeedModByWorkRate,D6 ED C8 04 3F 3A B4 73
supportSpeedModByXTravelDist,BA DD F2 62 D1 CB 74 CD
supportSpeedModByZBallDist,1E 7F D6 03 BF AC CE B0
supportSpeedModifier,7D EA C5 7E 35 FD F5 47
lookAroundDirectionChangeInterval,AF 6C 2C 5B 29 17 72 79
lookAroundHeadAngle,15 D6 32 F2 C5 A5 76 40
lookAroundIntervalRelax,8A B6 01 53 45 9F B9 BB
lookAroundIntervalUrgent,B3 8C F3 75 39 14 51 62
maxTimeNotToLookAtBallForClosestDist,9D 82 AA E1 CE B8 48 2F
maxTimeNotToLookAtBallForClosestTime,20 95 F6 1A F5 86 A5 07
maxTimeNotToLookAtBallForScheduledTouch,03 C3 B5 39 69 FE 40 F3
maxTimeNotToLookAtBallForTouchTime,40 4D 5C 1E 34 89 30 A3
maxTimeNotToLookAtBallForTouchTimeForBallReceiver,75 CC 2E 27 F4 0A 4E AC
maxTimeNotToLookAtBallForTouchTimeForDribbler,07 4F C7 2F 07 AE FD AD
maxTimeNotToLookAtBallInGeneral,06 CF 98 87 2D 1A 54 5C
maxTimeNotToLookAtBallWithRespectToBallAngle,73 73 E4 E8 A2 16 D7 00
minElapsedTimeSinceLookAtTargetChange,59 F7 FD 7C 4E 5B 20 1B
reactionBehaviourTeammateDangerForceComplainThreshold,B7 1B 65 61 34 11 BD D9
reactionbehaviourTeammateDangerThreshold,FF 6D 09 D3 1E 44 6B 46
reactionBehaviourTeammateForceComplainBonus,DE CF 95 4F 1F 33 3A 74
reactionBehaviourTeammateMissDistanceLookUp,D2 FC 18 EA BB D1 B2 8B
reactionBehaviourTeammateMissMaxDistance,DB 9D 0F 83 71 32 C7 15
reactionBehaviourTeammateMoraleWeight,6C D1 20 9E 6C 5F CC 62
reactionBehaviouTeammateMissWeight,F8 CF 33 3B 50 16 09 16
maxFaceAngleDiffForPerceptionIncreaseForActor,1F 9E 47 EF 92 D1 4D 19
maxFaceAngleDiffForPerceptionIncreaseForBall,A9 F3 89 A1 4D C3 84 16
maxLookAtAngleDiffForPerceptionIncrease,52 23 CD AC 01 63 08 72
maxPerceptionIncForAnotherActor,03 ED C7 46 80 1A F1 C7
perceptionDecreaseForActor,C7 86 99 88 7D C0 5E BB
perceptionDecreseForBall,4F 45 6D 38 2C F7 53 AA
perceptionIncByBallSpeed,40 01 08 BF 0A 80 DA 2E
perceptionIncreaseForFocusedActor,17 49 24 26 4A F4 BE C6
perceptionIncreaseForFocusedBall,A4 3D 3F 4D FA B8 0F 62
perceptionIncreaseForLookingAtActor,33 CA C3 6B A4 26 1F 72
perceptionIncreaseForLookingAtBall,0B 41 D1 15 E4 0C B7 39
perceptionMaxVision,45 B7 16 A5 A5 4B 86 C3
shouldIncreasePerceptionForFocusedActor,9C B9 C6 14 F1 2D B8 91
matchIntensityImportanceWeight,BA 0C 76 C7 16 13 68 8C
matchIntensityLateInGameWeight,2D DF A0 77 E4 3D C4 29
matchIntensityScoreLineLookUp,32 D3 2D 75 EE C2 63 C2
matchIntensityScoreLineWeight,AC 29 92 CE D9 C7 F8 8C
attackingWorkRateModifierByDifficultyLevel,45 89 07 97 F9 2E 84 0A
defensiveWorkRateModifierByDifficultyLevel,30 98 98 B6 6B CA FD 41
EMOTIONAL_BreakawayAttacker,D9 90 BB 2A F1 A6 D1 DA
EMOTIONAL_BreakawayDefender,64 D6 50 37 8E 55 1C ED
EMOTIONAL_CornerAttacker,53 55 F5 B9 B0 48 F3 5B
EMOTIONAL_CornerDefender,BB BE 9C 10 FF FB 19 45
EMOTIONAL_EIV_Away_Derby,A3 65 09 31 DA 41 85 E8
EMOTIONAL_EIV_Away_HomeStronger,39 90 2F B7 5B 64 34 6B
EMOTIONAL_EIV_Away_HomeWeaker,E1 DF A7 83 50 DD A1 2B
EMOTIONAL_EIV_Away_Regular,F5 64 CA 71 B2 ED 40 A3
EMOTIONAL_EIV_Home_Derby,ED DB 29 59 C8 40 72 ED
EMOTIONAL_EIV_Home_HomeStronger,4A 41 1A B7 4D 98 37 89
EMOTIONAL_EIV_Home_HomeWeaker,25 DA D3 DA A2 7C B5 B6
EMOTIONAL_EIV_Home_Regular,59 A3 4C 10 E3 CD 7F 22
EMOTIONAL_EVS_Derby_AchievementEnd,62 DE 36 35 DE 12 A9 A0
EMOTIONAL_EVS_Derby_FearEnd,3B 96 BF F7 16 BD 8A CC
EMOTIONAL_EVS_Derby_FrustrationEnd,09 C0 D9 E1 D6 72 7C D1
EMOTIONAL_EVS_Derby_HopeEnd,62 62 9D 82 5F 95 DA B3
EMOTIONAL_EVS_Derby_NeutralEnd,19 0F FA B9 6C F5 FC 21
EMOTIONAL_EVS_Derby_ShameEnd,73 14 E2 BA AA A5 53 04
EMOTIONAL_EVS_Regular_AchievementEnd,28 60 61 BE 8C 3E 0E 77
EMOTIONAL_EVS_Regular_FearEnd,6B 7C F8 D3 F3 2E 7D C8
EMOTIONAL_EVS_Regular_FrustrationEnd,12 2F 44 D6 A9 30 D3 09
EMOTIONAL_EVS_Regular_HopeEnd,43 86 39 65 A5 54 4B A0
EMOTIONAL_EVS_Regular_NeutralEnd,F2 18 EF 8B 65 4A E0 65
EMOTIONAL_EVS_Regular_ShameEnd,79 58 3B A4 80 16 32 2A
EMOTIONAL_EVS_Stronger_AchievementEnd,60 67 DB 0B 9A CA 7D E5
EMOTIONAL_EVS_Stronger_FearEnd,F3 E1 BE 85 54 18 30 E1
EMOTIONAL_EVS_Stronger_FrustrationEnd,58 69 6B 50 1A A1 1F 30
EMOTIONAL_EVS_Stronger_HopeEnd,59 DB D5 35 DC E8 44 0F
EMOTIONAL_EVS_Stronger_NeutralEnd,F7 EF E0 E2 47 84 AF 69
EMOTIONAL_EVS_Stronger_ShameEnd,22 14 ED 90 87 3B 30 71
EMOTIONAL_EVS_Weaker_AchievementEnd,49 78 1B A7 DE 3E D3 CE
EMOTIONAL_EVS_Weaker_FearEnd,60 C1 AC 52 D0 10 68 51
EMOTIONAL_EVS_Weaker_FrustrationEnd,43 3D 15 02 9C 84 CE BA
EMOTIONAL_EVS_Weaker_HopeEnd,33 60 76 FF 01 84 50 87
EMOTIONAL_EVS_Weaker_NeutralEnd,AC AC B6 A1 42 A5 CD 7A
EMOTIONAL_EVS_Weaker_ShameEnd,E6 03 3C 3C 8A E0 4B 8A
EMOTIONAL_GEM_0_End_EmotionalValue,7C 99 0F 46 98 A4 2E 75
EMOTIONAL_GEM_0_End_Max,C9 1C EF 1F 30 F5 F5 1D
EMOTIONAL_GEM_0_End_Min,51 4D 4C 9C B4 7C FA 11
EMOTIONAL_GEM_0_Regular_EmotionalValue,C9 8B 2A B9 7A 9A A3 F1
EMOTIONAL_GEM_0_Regular_Max,C8 14 91 69 89 8A F4 97
EMOTIONAL_GEM_0_Regular_Min,E6 68 1D 43 89 BA 62 F3
EMOTIONAL_GEM_0_Start_EmotionalValue,E0 00 EE D8 6B 92 45 5E
EMOTIONAL_GEM_0_Start_Max,27 83 36 76 4D 53 52 82
EMOTIONAL_GEM_0_Start_Min,B2 C3 97 42 B3 5D C3 05
EMOTIONAL_GEM_1D_End_EmotionalValue,B7 90 F4 D3 AD B4 9D A7
EMOTIONAL_GEM_1D_End_Max,82 33 F5 65 10 5F AA E1
EMOTIONAL_GEM_1D_End_Min,EC 6D 1F E2 E9 B3 26 4A
EMOTIONAL_GEM_1D_Regular_EmotionalValue,6F 2F 34 99 A8 A8 02 15
EMOTIONAL_GEM_1D_Regular_Max,E4 81 47 A9 38 B1 B2 79
EMOTIONAL_GEM_1D_Regular_Min,86 3A 7B 93 F7 CB 31 A7
EMOTIONAL_GEM_1D_Start_EmotionalValue,69 38 1F 9D 41 83 4F CE
EMOTIONAL_GEM_1D_Start_Max,0D 92 6F C6 5A 78 9C 82
EMOTIONAL_GEM_1D_Start_Min,B0 BE A6 77 72 F4 AF 9F
EMOTIONAL_GEM_1U_End_EmotionalValue,61 F6 6D 40 C7 7E 5D F0
EMOTIONAL_GEM_1U_End_Max,C6 F9 17 7D 40 5B F1 98
EMOTIONAL_GEM_1U_End_Min,9D A7 92 A6 F4 BD D3 7D
EMOTIONAL_GEM_1U_Regular_EmotionalValue,CA 38 EE F4 68 86 D6 CC
EMOTIONAL_GEM_1U_Regular_Max,2A 88 21 7F 73 B2 9B 77
EMOTIONAL_GEM_1U_Regular_Min,22 CC 35 9A D5 3F 31 D8
EMOTIONAL_GEM_1U_Start_EmotionalValue,22 AC 9C 1D 4F 5B 25 F6
EMOTIONAL_GEM_1U_Start_Max,E2 69 A7 16 68 F9 68 2D
EMOTIONAL_GEM_1U_Start_Min,BA B6 24 49 25 30 6B EC
EMOTIONAL_GEM_2D_End_EmotionalValue,1D 51 8F 02 AB E1 3C 1C
EMOTIONAL_GEM_2D_End_Max,14 14 52 40 F4 2D BA 04
EMOTIONAL_GEM_2D_End_Min,4F B8 C5 16 C8 33 A2 B8
EMOTIONAL_GEM_2D_Regular_EmotionalValue,0C C9 6E 1B 4F EF 76 C1
EMOTIONAL_GEM_2D_Regular_Max,FB 71 C1 8E 54 6A 65 C0
EMOTIONAL_GEM_2D_Regular_Min,E8 E3 BE 5C 77 26 C9 6D
EMOTIONAL_GEM_2D_Start_EmotionalValue,37 1F C7 54 DF 2D 1D B7
EMOTIONAL_GEM_2D_Start_Max,01 16 81 25 2D B8 0C BA
EMOTIONAL_GEM_2D_Start_Min,A5 22 39 5F 04 BE 0E 04
EMOTIONAL_GEM_2U_End_EmotionalValue,65 F1 C3 C8 62 9C 0E C2
EMOTIONAL_GEM_2U_End_Max,D9 5C 23 0D 62 AB 8E F1
EMOTIONAL_GEM_2U_End_Min,6C 0A 6D C5 6E 46 7E 7E
EMOTIONAL_GEM_2U_Regular_EmotionalValue,98 16 86 0F 81 B2 EE 47
EMOTIONAL_GEM_2U_Regular_Max,CC 2C 31 B1 18 DC 1D 53
EMOTIONAL_GEM_2U_Regular_Min,60 C7 23 0D C5 A4 B1 AA
EMOTIONAL_GEM_2U_Start_EmotionalValue,45 49 9C 0F 5A 63 4B 94
EMOTIONAL_GEM_2U_Start_Max,39 AF AC 9C 4B CB EA 21
EMOTIONAL_GEM_2U_Start_Min,45 53 12 73 48 F3 CD 77
EMOTIONAL_GEM_3D_End_EmotionalValue,00 01 70 C5 1E 45 AC DA
EMOTIONAL_GEM_3D_End_Max,41 0C 4F 9C 87 DE C2 6C
EMOTIONAL_GEM_3D_End_Min,14 E9 F3 F2 33 2D B6 4F
EMOTIONAL_GEM_3D_Regular_EmotionalValue,54 72 B9 8D 38 33 99 CA
EMOTIONAL_GEM_3D_Regular_Max,D9 06 4B 28 DE 22 91 B2
EMOTIONAL_GEM_3D_Regular_Min,35 09 67 D1 06 D5 9B A5
EMOTIONAL_GEM_3D_Start_EmotionalValue,39 57 42 7E 39 B4 32 89
EMOTIONAL_GEM_3D_Start_Max,19 4B 86 B8 FA F0 0A D4
EMOTIONAL_GEM_3D_Start_Min,11 6A B5 60 86 7F 38 8C
EMOTIONAL_GEM_3U_End_EmotionalValue,78 9F E4 1C A1 4E 5A D4
EMOTIONAL_GEM_3U_End_Max,D7 4E A0 D9 7E DF AB 77
EMOTIONAL_GEM_3U_End_Min,14 1B CF C4 AC 5F 7E 8B
EMOTIONAL_GEM_3U_Regular_EmotionalValue,FE 82 21 98 2F D8 80 21
EMOTIONAL_GEM_3U_Regular_Max,F1 C2 21 24 CA 8E D8 33
EMOTIONAL_GEM_3U_Regular_Min,F9 DF 24 1E 09 41 75 D9
EMOTIONAL_GEM_3U_Start_EmotionalValue,56 82 70 BB 11 93 BC 15
EMOTIONAL_GEM_3U_Start_Max,66 59 C0 00 76 3A 06 15
EMOTIONAL_GEM_3U_Start_Min,BC 4A 27 DC 62 3D 22 30
EMOTIONAL_GEM_4D_End_EmotionalValue,12 B2 BA 88 39 00 0D E2
EMOTIONAL_GEM_4D_End_Max,B2 0A 2C 3C 70 D8 C7 B4
EMOTIONAL_GEM_4D_End_Min,C1 FF 61 D0 AD E5 C5 CB
EMOTIONAL_GEM_4D_Regular_EmotionalValue,2A 92 A8 48 34 DF DC 91
EMOTIONAL_GEM_4D_Regular_Max,80 F8 A8 AC 02 FB 46 EC
EMOTIONAL_GEM_4D_Regular_Min,AF E7 2A 6A 17 82 EA 0A
EMOTIONAL_GEM_4D_Start_EmotionalValue,AB DD 92 32 46 DC 1E 07
EMOTIONAL_GEM_4D_Start_Max,34 76 0C 79 8E 63 0C 7E
EMOTIONAL_GEM_4D_Start_Min,9A 13 49 62 4A 74 20 CD
EMOTIONAL_GEM_4U_End_EmotionalValue,4F A3 0D D5 DF 85 EC 90
EMOTIONAL_GEM_4U_End_Max,33 B8 06 48 72 D5 11 DD
EMOTIONAL_GEM_4U_End_Min,3A 26 3E 22 B9 AC C5 5F
EMOTIONAL_GEM_4U_Regular_EmotionalValue,16 93 05 F0 EF AB 73 4C
EMOTIONAL_GEM_4U_Regular_Max,D1 93 18 1E 58 B6 DB 4D
EMOTIONAL_GEM_4U_Regular_Min,F0 9E 26 1D 8B A4 9A E0
EMOTIONAL_GEM_4U_Start_EmotionalValue,62 F5 07 DE 6D E3 77 3C
EMOTIONAL_GEM_4U_Start_Max,04 9F DA 99 FB F0 5D 1C
EMOTIONAL_GEM_4U_Start_Min,66 1B DF 76 45 28 78 61
EMOTIONAL_HitPostAttacker,CE D8 BA 3C A2 6C AD 6F
EMOTIONAL_HitPostDefender,C3 ED 4A F7 0A 53 CB 04
EMOTIONAL_InjuryFoulee,E5 79 C3 C2 4A 6B D5 55
EMOTIONAL_InternationalPrestigeTolerance,BA 3B 78 D5 A3 A3 A6 F3
EMOTIONAL_MissedPenaltyKickGoalie,7C 96 10 89 9B CF 48 C9
EMOTIONAL_MissedPenaltyKickShooter,FF 2B F6 8F 86 40 5B 2D
EMOTIONAL_MissedShotCloseGoalie,99 E4 89 01 ED B4 33 5D
EMOTIONAL_MissedShotCloseShooter,DB DE CD AC B7 72 90 3C
EMOTIONAL_MissedShotExtremelyCloseGoalie,12 DF 5E 6A 05 FB EF 48
EMOTIONAL_MissedShotExtremelyCloseShooter,32 53 89 82 CE BB 9F 61
EMOTIONAL_MissedShotExtremelyWideGoalie,F2 BE 8B 8B 3A 01 F4 48
EMOTIONAL_MissedShotExtremelyWideShooter,5D 35 42 D8 65 13 DC 2E
EMOTIONAL_MissedShotTooWideGoalie,D4 42 1B 44 91 30 B6 90
EMOTIONAL_MissedShotTooWideShooter,3A 30 D1 FF 2D 5E 9A 6C
EMOTIONAL_MissedShotWideGoalie,C3 60 5C 33 EF 6E 44 A8
EMOTIONAL_MissedShotWideShooter,21 AE 61 95 44 C7 5A E4
EMOTIONAL_OffsideFouler,10 A8 46 F8 59 F9 22 76
EMOTIONAL_PenaltyKickFoulee,D8 E0 82 BD 9A 25 8E 9B
EMOTIONAL_PenaltyKickFouler,C0 E9 17 C8 08 91 6F 05
EMOTIONAL_RedCardFoulee,94 85 39 74 4D E8 CF E2
EMOTIONAL_RedCardFouler,BC 42 DB A5 F9 C7 AD 58
EMOTIONAL_SaveEasyGoalie,B9 89 09 60 49 80 7F D5
EMOTIONAL_SaveEasyShooter,3F 07 04 41 5D F8 14 23
EMOTIONAL_SaveHardGoalie,D2 F0 68 B0 FC B8 BE 56
EMOTIONAL_SaveHardShooter,74 86 21 0C 9B 04 CA 5A
EMOTIONAL_SaveMediumGoalie,D9 83 0E 01 E3 22 82 0C
EMOTIONAL_SaveMediumShooter,04 3C 4D 80 36 9B D6 C3
EMOTIONAL_SaveReallyEasyGoalie,A3 20 B6 EA 11 AF 89 DB
EMOTIONAL_SaveReallyEasyShooter,88 E7 BA 36 D6 99 32 E4
EMOTIONAL_SaveReallyHardGoalie,91 87 0B 97 10 6A 1E A8
EMOTIONAL_SaveReallyHardShooter,0C 44 C5 41 22 DD 4A AA
EMOTIONAL_SuperSubOpposite,83 96 32 3D FC 03 2B 41
EMOTIONAL_SuperSubSubbing,BA DB 21 D4 51 BE C1 A2
EMOTIONAL_TimeLowerBound,D0 E2 01 75 D4 40 D1 39
EMOTIONAL_TimeUpperBound,DB D7 CA 4C E9 F9 99 50
EMOTIONAL_TrapNonPossessor,3D 21 10 B7 16 BD E3 40
EMOTIONAL_TrapPossessor,A0 FE BE 39 86 EB 2A 7A
EMOTIONAL_TurnoverAttackingThirdNonPossessor,FC 19 31 46 D6 A3 0D 07
EMOTIONAL_TurnoverAttackingThirdPossessor,B7 4B 0B 19 15 41 1D 44
EMOTIONAL_TurnoverDefendingThirdNonPossessor,B7 72 1B D4 9A 88 88 85
EMOTIONAL_TurnoverDefendingThirdPossessor,3F 5C DF 8E 48 01 54 66
EMOTIONAL_YellowCardFoulee,39 DC A3 35 D2 C9 E6 33
fullback_norm_pos_modifier,A8 F4 12 01 C9 B7 3E 42
other_fullback_effect_on_fullback_norm_pos,16 A7 7B 50 95 27 DD EA
maxBestDistFromFormation,38 15 15 53 1E E2 92 D6
maxDistFromMaxBestDistFromFormation,44 BE A3 D4 88 CF 9F B1
ATTR_AttackerBadOffsideAvoidenceDuration,C7 92 62 B6 C2 11 23 FB
ATTR_AttackerBadOffsideAvoidenceRate,74 B9 4C E5 F7 D8 40 AA
ATTR_AttackerBadSupportDuration,21 33 0E 81 75 57 8C C1
ATTR_AttackerBadSupportRate,4F BF 6F 90 2E 43 2D 57
ATTR_AttackerBeatOffsideTrapDuration,39 5D D2 92 44 F8 E1 42
ATTR_AttackerBeatOffsideTrapRate,7C 0E 42 F1 7E E3 16 15
ATTR_AttackerLinkerManDuration,76 95 F8 01 35 08 27 3D
ATTR_AttackerLinkerManRate,B0 A3 8E EF 0D FC D1 69
ATTR_AttackerPlayerMakerDuration,D4 9E 43 6E A6 10 BA 10
ATTR_AttackerPlayMakerRate,4C 84 F2 B2 04 48 05 0D
ATTR_AttackerPushForwardDuration,77 56 ED C7 5C B3 F5 4C
ATTR_AttackerPushForwardRate,21 BC 44 93 E5 F2 0C E0
ATTR_AttackerPushWideDuration,2C 3E 7A 3B D7 30 87 30
ATTR_AttackerPushWideRate,6F 2D F7 24 CD 9E E1 E8
ATTR_AttackerTargetForwardDuration,6D 8C 04 1B 52 69 E8 2B
ATTR_AttackerTargetForwardRate,91 19 F4 BC 2D FC 6C EB
ATTR_DefenderBadCommitToBallDuration,E9 0C 42 DE 88 9D ED 87
ATTR_DefenderBadCommitToBallRate,24 1D 07 97 08 82 67 C4
ATTR_DefenderBadOffsidePositionDuration,6F 48 2C 2B C4 BF 1A 41
ATTR_DefenderBadOffsidePositionRate,A7 E8 B2 36 69 80 41 44
ATTR_DefenderLoseHisAttackerDuration,F3 59 98 61 18 8D 9F 8B
ATTR_DefenderLoseHisAttackerRate,44 86 66 1D D4 30 E7 F9
ATTR_MarkingImportanceWeight,1E 43 DF 7C 50 7B DA FD
ATTR_TacticalAwarenessWeight,2A FA B9 97 CD 2C 56 60
_delaytime,30 99 79 FA 1C 61 DA E1
